Where	Sub	Type	method	Text	Translation	File Directory	File Name	size	sha256	identifier	Reworked by	Contributors	Attribution	DESCRIPTION	max_length
UI	Map	Worldmap	blend	-	-	UI\Sprites	World_Map.png	16160020	41e129855995f3b5640b044db6d6ff89f3209a359be5f62f6eb8cf0fd23ad39b	460					
UI	Main	Background	blend	"SEIS
STOP

RAJAVYÖHYKE
PÄÄSY ILMAN LUPAA KIELLETTY

GRÄNSZON
TILLTRÄDE UTAN TILLSTÅND FÖRBJUDET

GRENZZONE
EINTRITT OHNE ENTSPRECHENDE ERLAUBNIS VERBOTEN

BORDER ZONE
NO ENTRY WITHOUT SPECIAL PERMIT

ПОГРАНИЧНАЯ ЗОНА
ВЪЕЗД БЕЗ РАЗРЕШЕНИЯ ЗАПРЕЩАЕТСЯ"	"SEIS
STOP

RAJAVYÖHYKE
PÄÄSY ILMAN LUPAA KIELLETTY

GRÄNSZON
TILLTRÄDE UTAN TILLSTÅND FÖRBJUDET

GRENZZONE
EINTRITT OHNE ENTSPRECHENDE ERLAUBNIS VERBOTEN

BORDER ZONE
NO ENTRY WITHOUT SPECIAL PERMIT

ПОГРАНИЧНАЯ ЗОНА
ВЪЕЗД БЕЗ РАЗРЕШЕНИЯ ЗАПРЕЩАЕТСЯ"	\Editor	RTV_Dynamic.png	7932646	658c56c0f4f826dbf1c5aa76060f77ba471c45926dff7b18bc22d1c5630dcf31	3285				"This is a sign displaying Finnish, Swedish, German, English, and Russian.

Please translate only one of these into your native language."	
UI	Main	Background	blend	"SEIS
STOP

RAJAVYÖHYKE
PÄÄSY ILMAN LUPAA KIELLETTY

GRÄNSZON
TILLTRÄDE UTAN TILLSTÅND FÖRBJUDET

GRENZZONE
EINTRITT OHNE ENTSPRECHENDE ERLAUBNIS VERBOTEN

BORDER ZONE
NO ENTRY WITHOUT SPECIAL PERMIT

ПОГРАНИЧНАЯ ЗОНА
ВЪЕЗД БЕЗ РАЗРЕШЕНИЯ ЗАПРЕЩАЕТСЯ"	"SEIS
STOP

RAJAVYÖHYKE
PÄÄSY ILMAN LUPAA KIELLETTY

GRÄNSZON
TILLTRÄDE UTAN TILLSTÅND FÖRBJUDET

GRENZZONE
EINTRITT OHNE ENTSPRECHENDE ERLAUBNIS VERBOTEN

BORDER ZONE
NO ENTRY WITHOUT SPECIAL PERMIT

ПОГРАНИЧНАЯ ЗОНА
ВЪЕЗД БЕЗ РАЗРЕШЕНИЯ ЗАПРЕЩАЕТСЯ"	\Editor	RTV_Summer.png	7881245	94a9d96dc5ad4b54a581560e262bde155b3f73cff5baaa03bb5f8e53a9a7adc7	3287				"This is a sign displaying Finnish, Swedish, German, English, and Russian.

Please translate only one of these into your native language."	
UI	Main	Background	blend	"SEIS
STOP

RAJAVYÖHYKE
PÄÄSY ILMAN LUPAA KIELLETTY

GRÄNSZON
TILLTRÄDE UTAN TILLSTÅND FÖRBJUDET

GRENZZONE
EINTRITT OHNE ENTSPRECHENDE ERLAUBNIS VERBOTEN

BORDER ZONE
NO ENTRY WITHOUT SPECIAL PERMIT

ПОГРАНИЧНАЯ ЗОНА
ВЪЕЗД БЕЗ РАЗРЕШЕНИЯ ЗАПРЕЩАЕТСЯ"	"SEIS
STOP

RAJAVYÖHYKE
PÄÄSY ILMAN LUPAA KIELLETTY

GRÄNSZON
TILLTRÄDE UTAN TILLSTÅND FÖRBJUDET

GRENZZONE
EINTRITT OHNE ENTSPRECHENDE ERLAUBNIS VERBOTEN

BORDER ZONE
NO ENTRY WITHOUT SPECIAL PERMIT

ПОГРАНИЧНАЯ ЗОНА
ВЪЕЗД БЕЗ РАЗРЕШЕНИЯ ЗАПРЕЩАЕТСЯ"	\Editor	RTV_Winter.png	7755727	f15a48b33fd7ca7155c5f1e28bfcdc03233bf58525de9c11e906c44c9ee23f5b	3289				"This is a sign displaying Finnish, Swedish, German, English, and Russian.

Please translate only one of these into your native language."	
