WHERE	SUB	KIND	untranslatable	method	filename	filetype	location	parent	name	type	property	unique_id	text	identifier	translation	DESCRIPTION		max_length
HUD	Vitals	Name	0	literal	UI/HUD	tscn	UI/HUD	Stats/Vitals/Elements/Health	Header	Label	text	603466053	Health	748	Salud			
HUD	Vitals	Number	1	literal	UI/HUD	tscn	UI/HUD	Stats/Vitals/Elements/Health	Value	Label	text	516107320	100			Value(Integer) about the Vital. Untranslatable.		
HUD	Vitals	Name	0	literal	UI/HUD	tscn	UI/HUD	Stats/Vitals/Elements/Energy	Header	Label	text	670620339	Energy	750	Energía			
HUD	Vitals	Number	1	literal	UI/HUD	tscn	UI/HUD	Stats/Vitals/Elements/Energy	Value	Label	text	1917083862	100			Value(Integer) about the Vital. Untranslatable.		
HUD	Vitals	Name	0	literal	UI/HUD	tscn	UI/HUD	Stats/Vitals/Elements/Hydration	Header	Label	text	95381615	Hydration	752	Hidratación			
HUD	Vitals	Number	1	literal	UI/HUD	tscn	UI/HUD	Stats/Vitals/Elements/Hydration	Value	Label	text	1020179490	100			Value(Integer) about the Vital. Untranslatable.		
HUD	Vitals	Name	0	literal	UI/HUD	tscn	UI/HUD	Stats/Vitals/Elements/Mental	Header	Label	text	1182073718	Mental	754	Mental			
HUD	Vitals	Number	1	literal	UI/HUD	tscn	UI/HUD	Stats/Vitals/Elements/Mental	Value	Label	text	233375463	100			Value(Integer) about the Vital. Untranslatable.		
HUD	Vitals	Name	0	literal	UI/HUD	tscn	UI/HUD	Stats/Vitals/Elements/Temperature	Header	Label	text	548621046	Body Temp	756	Temperatura corporal			
HUD	Vitals	Number	1	literal	UI/HUD	tscn	UI/HUD	Stats/Vitals/Elements/Temperature	Value	Label	text	783345645	100			Value(Integer) about the Vital. Untranslatable.		
HUD	Oxygen	Name	0	literal	UI/HUD	tscn	UI/HUD	Stats/Oxygen	Header	Label	text	1111197778	Oxygen	758	Oxígeno			
HUD	FPS	Name	1	literal	UI/HUD	tscn	UI/HUD	Info	FPS	Label	text	978945884	FPS:					
HUD	FPS	Number	1	literal	UI/HUD	tscn	UI/HUD	Info/FPS	Frames	Label	text	1878730828	100			Value(Integer) about the FPS. Untranslatable.		
HUD	Map	String	0	literal	UI/HUD	tscn	UI/HUD	Info	Map	Label	text	669948775	Shelter (Area 05)	760	Refugio (Área 05)			
Inventory	Inventory	Name	0	substr	UI/Interface	tscn	UI/Interface	Inventory/Header	Label	Label	text	1238390815	Inventory	762	Inventario			
Inventory	Inventory	Number	1	literal	UI/Interface	tscn	UI/Interface	Inventory/Header/Capacity	Value	Label	text	1550478440	10.0			Value(Float) about Capacity. Untranslatable.		
Inventory	Inventory	Number	1	literal	UI/Interface	tscn	UI/Interface	Inventory/Header/Weight	Value	Label	text	869816525	10.0			Value(Float) about Weight. Untranslatable.		
Inventory	Inventory	Number	1	literal	UI/Interface	tscn	UI/Interface	Inventory/Header/Value	Value	Label	text	935384867	1000			Value(Float) about Value(Money). Untranslatable.		
Inventory	#Not Checked	Name	0	literal	UI/Interface	tscn	UI/Interface	Container/Header	Label	Label	text	933468815	Container	764	Contenedor			
Inventory	#Not Checked	Number	1	literal	UI/Interface	tscn	UI/Interface	Container/Header/Weight	Value	Label	text	1694562359	10.0			Value(Float) about Weight. Untranslatable.		
Inventory	#Not Checked	Number	1	literal	UI/Interface	tscn	UI/Interface	Container/Header/Value	Value	Label	text	1546545276	1000			Value(Float) about Weight. Untranslatable.		
Inventory	Equipment	Name	0	literal	UI/Interface	tscn	UI/Interface	Equipment/Header	Label	Label	text	1884293598	Equipment	766	Equipo			
Inventory	Equipment	Number	1	literal	UI/Interface	tscn	UI/Interface	Equipment/Stats/Elements/Capacity	Value	Label	text	946326047	10kg			Value(Float) about Capacity. Untranslatable.		
Inventory	Equipment	Number	1	literal	UI/Interface	tscn	UI/Interface	Equipment/Stats/Elements/Value	Value	Label	text	754357259	1000			Value(Float) about Value. Untranslatable.		
Inventory	Equipment	Number	1	literal	UI/Interface	tscn	UI/Interface	Equipment/Stats/Elements/Insulation	Value	Label	text	2074544507	100			Value(Float) about Insulation. Untranslatable.		
Inventory	Equipment	Number	1	literal	UI/Interface	tscn	UI/Interface	Equipment/Stats/Elements/Dexterity	Value	Label	text	1926333421	N/A			Value(Float) about Dexterity. Untranslatable.		
Inventory	Equipment	Number	1	literal	UI/Interface	tscn	UI/Interface	Equipment/Stats/Elements/Menace	Value	Label	text	1502959584	N/A			Value(Float) about Menace. Untranslatable.		
Inventory	Equipment	Number	1	literal	UI/Interface	tscn	UI/Interface	Equipment/Stats/Elements/CBRN	Value	Label	text	1616081859	N/A			Value(Float) about CBRN. Untranslatable.		
Inventory	Equipment	String	0	substr	UI/Interface	tscn	UI/Interface	Equipment/Hints	Primary	Label	text	1523548177	Primary	768	Primaria	Inventory Slot for Primary Weapon		
Inventory	Equipment	String	0	substr	UI/Interface	tscn	UI/Interface	Equipment/Hints	Secondary	Label	text	1535383739	Secondary	770	Secundaria	Inventory Slot for Secondory Weapon		
Inventory	Equipment	String	0	static	UI/Interface	tscn	UI/Interface	Equipment/Hints	Knife	Label	text	1618456497	Knife	772	Cuchillo	Inventory Slot for Knife		
Inventory	Equipment	String	0	static	UI/Interface	tscn	UI/Interface	Equipment/Hints	Grenade_A	Label	text	2020142644	Grenade	774	Granada	Inventory Slot for Grenade1		
Inventory	Equipment	String	0	static	UI/Interface	tscn	UI/Interface	Equipment/Hints	Grenade_B	Label	text	225203314	Grenade	776	Granada	Inventory Slot for Grenade2		
Inventory	Equipment	String	0	literal	UI/Interface	tscn	UI/Interface	Equipment/Hints	Backpack	Label	text	1404921178	Backpack	778	Mochila	Inventory Slot for Backpack		
Inventory	Equipment	String	0	literal	UI/Interface	tscn	UI/Interface	Equipment/Hints	Rig	Label	text	6646091	Rig	780	Plataforma	Inventory Slot for Rig(Vest)		
Inventory	Equipment	String	0	literal	UI/Interface	tscn	UI/Interface	Equipment/Hints	Helmet	Label	text	460450702	Helmet	782	Casco	Inventory Slot for Helmet		
Inventory	Equipment	String	0	literal	UI/Interface	tscn	UI/Interface	Equipment/Hints	Head	Label	text	679951874	Head	784	Cabeza	Inventory Slot for Hat/Cap		
Inventory	Equipment	String	0	literal	UI/Interface	tscn	UI/Interface	Equipment/Hints	Torso	Label	text	1785640336	Torso	786	Torso	Inventory Slot for Jacket		
Inventory	Equipment	String	0	literal	UI/Interface	tscn	UI/Interface	Equipment/Hints	Legs	Label	text	1393203263	Legs	788	Piernas	Inventory Slot for Pants		
Inventory	Equipment	String	0	literal	UI/Interface	tscn	UI/Interface	Equipment/Hints	Belt	Label	text	479737044	Belt	790	Cinturón	Inventory Slot for Belt		
Inventory	Equipment	String	0	literal	UI/Interface	tscn	UI/Interface	Equipment/Hints	Feet	Label	text	204086442	Feet	792	Pies	Inventory Slot for Shoes		
Inventory	Equipment	String	0	literal	UI/Interface	tscn	UI/Interface	Equipment/Hints	Hands	Label	text	198457121	Hands	794	Manos	Inventory Slot for Gloves		
Inventory	Equipment	String	0	literal	UI/Interface	tscn	UI/Interface	Equipment/Hints	Matches	Label	text	206050872	Matches	796	Partidos	Inventory Slot for Matches(lighter)		
Inventory	Equipment	String	0	literal	UI/Interface	tscn	UI/Interface	Equipment/Hints	Light	Label	text	766698271	Light	798	Luz	Inventory Slot for FlashLight		
Inventory	Equipment	String	0	literal	UI/Interface	tscn	UI/Interface	Equipment/Hints	NVG	Label	text	1987230797	NVG	800	NVG	Inventory Slot for Night Vision Goggle (NVG)		
Inventory	Equipment	String	0	literal	UI/Interface	tscn	UI/Interface	Equipment/Hints	Time	Label	text	242410779	Time	802	Hora	Inventory Slot for Clock(Time)		
Inventory	Equipment	String	0	literal	UI/Interface	tscn	UI/Interface	Equipment/Hints	Map	Label	text	1226245073	Map	804	Mapa	Inventory Slot for Map		
Inventory	Equipment	String	0	literal	UI/Interface	tscn	UI/Interface	Equipment/Hints	Player	Label	text	387223612	Player	806	Jugador	"Inventory Slot for Carest/MP3 ""Player"""		
Inventory	Vitals	Dictionary	0	substr									Vital	808	Fundamental	allow conflict		
Inventory	Vitals	String	0	literal	UI/Interface	tscn	UI/Interface	Character/Header	Label	Label	text	1865441360	Character	810	Personaje			
Inventory	Vitals	String	0	literal	UI/Interface	tscn	UI/Interface	Character/Vitals/Elements/Health	Header	Label	text	513186862	Health	812	Salud	Player's Status about Health Point (HP)		
Inventory	Vitals	Number	1	literal	UI/Interface	tscn	UI/Interface	Character/Vitals/Elements/Health	Value	Label	text	1295606911	100					
Inventory	Vitals	String	0	literal	UI/Interface	tscn	UI/Interface	Character/Vitals/Elements/Energy	Header	Label	text	901144411	Energy	814	Energía	Player's Status about Energy		
Inventory	Vitals	Number	1	literal	UI/Interface	tscn	UI/Interface	Character/Vitals/Elements/Energy	Value	Label	text	1328234008	100					
Inventory	Vitals	String	0	literal	UI/Interface	tscn	UI/Interface	Character/Vitals/Elements/Hydration	Header	Label	text	732747301	Hydration	816	Hidratación	Player's Status about Hydration (Water)		
Inventory	Vitals	Number	1	literal	UI/Interface	tscn	UI/Interface	Character/Vitals/Elements/Hydration	Value	Label	text	369882634	100					
Inventory	Vitals	String	0	literal	UI/Interface	tscn	UI/Interface	Character/Vitals/Elements/Mental	Header	Label	text	549949429	Mental	818	Mental	Player's Status about Mental		
Inventory	Vitals	Number	1	literal	UI/Interface	tscn	UI/Interface	Character/Vitals/Elements/Mental	Value	Label	text	1284125401	100					
Inventory	Vitals	String	0	literal	UI/Interface	tscn	UI/Interface	Character/Vitals/Elements/Temperature	Header	Label	text	513878939	Body Temp	820	Temperatura corporal	Player's Status about Body Temparature		
Inventory	Vitals	Number	1	literal	UI/Interface	tscn	UI/Interface	Character/Vitals/Elements/Temperature	Value	Label	text	296811298	100					
Inventory	Vitals	String	0	literal	UI/Interface	tscn	UI/Interface	Character/Vitals/Elements/Cat	Header	Label	text	1518608138	Cat	822	Gato	Cat's Status		
Inventory	Vitals	Number	1	literal	UI/Interface	tscn	UI/Interface	Character/Vitals/Elements/Cat	Value	Label	text	1018287444	100					
Inventory	Stats	String	0	literal	UI/Interface	tscn	UI/Interface	Character/Stats/Elements/Day	Header	Label	text	1109525872	Day	824	Día	Number of days the player survived		
Inventory	Stats	Number	1	literal	UI/Interface	tscn	UI/Interface	Character/Stats/Elements/Day	Value	Label	text	1240729266	00					
Inventory	Stats	String	0	literal	UI/Interface	tscn	UI/Interface	Character/Stats/Elements/Shelters	Header	Label	text	1851257454	Shelters	826	Refugios	Number of Shelters that unlocked		
Inventory	Stats	Number	1	literal	UI/Interface	tscn	UI/Interface	Character/Stats/Elements/Shelters	Value	Label	text	2095489427	00					
Inventory	Stats	String	0	literal	UI/Interface	tscn	UI/Interface	Character/Stats/Elements/Tasks	Header	Label	text	1185925254	Tasks	828	Tareas	Number of Tasks that cleared		
Inventory	Stats	Number	1	literal	UI/Interface	tscn	UI/Interface	Character/Stats/Elements/Tasks	Value	Label	text	524159291	00					
Inventory	Stats	String	0	literal	UI/Interface	tscn	UI/Interface	Character/Stats/Elements/Quests	Header	Label	text	388304922	Quests	830	Misiones	Number of Quests that cleard		
Inventory	Stats	Number	1	literal	UI/Interface	tscn	UI/Interface	Character/Stats/Elements/Quests	Value	Label	text	1544204612	00					
Inventory	Stats	String	1	literal	UI/Interface	tscn	UI/Interface	Character/Stats/Elements/CDS	Header	Label	text	805022352	CDS			Number of Civil Defence Shelters (Not Updated yet)		
Inventory	Stats	Number	1	literal	UI/Interface	tscn	UI/Interface	Character/Stats/Elements/CDS	Value	Label	text	844069195	00					
Inventory	Stats	String	1	literal	UI/Interface	tscn	UI/Interface	Character/Stats/Elements/?	Value	Label	text	555481365	?			Wating for Update		
Inventory	Stats	Number	1	ignore									?			Wating for Update		
Inventory	Tools	String	0	literal	UI/Interface	tscn	UI/Interface	Tools/Header	Label	Label	text	1546804398	Tools	832	Herramientas			
Inventory	Tools	Button	0	literal	UI/Interface	tscn	UI/Interface	Tools/Buttons/Margin/Buttons	Events	Button	text	1536854974	Events	834	Eventos			
Inventory	Tools	Button	0	literal	UI/Interface	tscn	UI/Interface	Tools/Buttons/Margin/Buttons	Crafting	Button	text	147394670	Crafting	836	Manualidades			
Inventory	Tools/Crafting	String	0	literal	UI/Interface	tscn	UI/Interface	Tools/Crafting/Types/Margin/Buttons/Proximity/Margin/Icons	Hint	Label	text	2049901746	Proximity	838	Proximidad			
Inventory	Tools/Task Note	Button	0	literal	UI/Interface	tscn	UI/Interface	Tools/Buttons/Margin/Buttons	Notes	Button	text	1195357255	Task Notes	840	Notas de la tarea			
Inventory	Tools/Task Note	String	0	literal	UI/Interface	tscn	UI/Interface	Tools/Notes	Hint	Label	text	1203883391	Task Notes empty	842	Notas de la tarea: vacías	"Task Note will only display this Strings when there's any task added in the Task Note.
It's already defined in scn(node), but also can be Dynamically changed by Scripts/Interface.gd: notesHint.text"		
Inventory	Tools/Task Note	String	0	literal			UI/Interface	Tools/Notes	Hint	Label			Task Notes not available (Tutorial)	844	Notas de la tarea no disponibles (Tutorial)	"Task Note will only display this Strings when there's any task added in the Task Note. But, only for Tutorial.
Dynamically changed by Scripts/Interface.gd: notesHint.text"		
Inventory	Tools/Task Note	String	0	substr	Scripts/Interface	gd			notesHint.text	literal		790	Task Notes empty	846	Notas de la tarea: vacías			
Inventory	Tools/Task Note	String	0	substr	Scripts/Interface	gd			notesHint.text	literal		789	Task Notes not available (Tutorial)	848	Notas de la tarea no disponibles (Tutorial)			
Inventory	Tools/Map	Button	0	literal	UI/Interface	tscn	UI/Interface	Tools/Buttons/Margin/Buttons	Map	Button	text	1552392911	World Map	850	Mapa del mundo			
Inventory	Tools/Map	String	0	literal	UI/Interface	tscn	UI/Interface	Tools/Map	Hint	Label	text	281957772	Map not equipped	852	El mapa no está disponible			
Inventory	Tools/Map	String	0	literal	UI/Interface	tscn	UI/Interface	Tools/Map	Hint	Label	text		Map not usable (Vostok)	854	Mapa no disponible (Vostok)			
Inventory	Tools/Map	String	0	substr	Scripts/Interface	gd			mapHint.text	literal		804	Map not equipped	856	El mapa no está disponible			
Inventory	Tools/Map	String	0	substr	Scripts/Interface	gd			mapHint.text	literal		814	Map not usable (Vostok)	858	Mapa no disponible (Vostok)			
Inventory	Tools/Map	String	0	literal	UI/Interface	tscn	UI/Interface	Tools/Map/Elements/Controls/Margin/Elements	Controls	Label	text	746211859	"Pan = [LMB]
Zoom = [SCROLL]"	860	"Panorámica = [Botón izquierdo del ratón]
Acercar/alejar = [Rueda del ratón]"			
Inventory	Tools/Map	Button	0	literal	UI/Interface	tscn	UI/Interface	Tools/Map/Elements/Controls/Margin/Elements	Focus	Button	text	2118767671	Focus map	862	Mapa de enfoque	Focuse the Map to Player's Location		
Inventory	Tools/Casette	Button	0	literal	UI/Interface	tscn	UI/Interface	Tools/Buttons/Margin/Buttons	Casette	Button	text	475687047	Casette Player	864	Reproductor de casetes			
Inventory	Tools/Casette	String	0	literal	UI/Interface	tscn	UI/Interface	Tools/Casette	Hint	Label	text	1237181255	Casette Player not equipped	866	No dispone de reproductor de casetes			
Inventory	Tools/Casette	String	0	substr	Scripts/Interface	gd			casetteHint.text	literal		864	Casette Player not equipped	868	No dispone de reproductor de casetes			
Inventory	Tools/Casette	String	0	substr	Scripts/Interface	gd			casetteHint.text	literal		874	Casette Player power 0%, recharge player	870	El reproductor de casetes tiene un 0 % de batería, recárgalo			
Inventory	Tools/Casette	String	0	substr	Scripts/Interface	gd			casetteHint.text	literal		882	Casette Player empty, insert casette	872	El reproductor de casetes está vacío, inserte una casete			
Inventory	Tools/Casette	String	0	literal	UI/Interface	tscn	UI/Interface	Tools/Casette/Elements/Header/Panel/Margin/Preview	Warning	Label	text	359158951	This casette includes licenced music (Content warning)	874	Este casete incluye música con licencia (Advertencia sobre el contenido)			
Inventory	Tools/Casette	String	0	literal	UI/Interface	tscn	UI/Interface	Tools/Casette/Elements/Header/Panel/Margin/Preview/Casette/Margin	Name	Label	text	291200390	Casette Name	876	Nombre del casete			
Inventory	Tools/Casette	String	1	literal	UI/Interface	tscn	UI/Interface	Tools/Casette/Elements/Header/Panel/Margin/Preview/Battery/Margin	Condition	Label	text	698750491	🗲 100%					
Inventory	Tools/Casette	String	1	literal	UI/Interface	tscn	UI/Interface	Tools/Casette/Elements/Volume/Panel/Margin/Settings	Volume	Label	text	808262872	Volume  🕪					
Inventory	Tools/Casette	Button	0	literal	UI/Interface	tscn	UI/Interface	Tools/Casette/Elements/Volume/Panel/Margin/Settings	Override	Button	text	592940633	Override Ambient Music [ON]	878	Anular música ambiental [ACTIVADO]	Casette will Overide the Ambient Music when it's ON		
Inventory	Tools/Casette	Button	0	literal			UI/Interface	Tools/Casette/Elements/Volume/Panel/Margin/Settings	Override	Button			Override Ambient Music [OFF]	880	Anular música ambiental [DESACTIVADO]	"Casette will Overide the Ambient Music when it's ON.
Dynamically changed by Scripts/Audio.gd"		
Inventory	Tools/Casette	Button	0	substr	Scripts/Interface	gd			overrideButton.text	literal		937	Override Ambient Music [ON]	882	Anular música ambiental [ACTIVADO]			
Inventory	Tools/Casette	Button	0	substr	Scripts/Interface	gd			overrideButton.text	literal		942	Override Ambient Music [OFF]	884	Anular música ambiental [DESACTIVADO]			
Inventory	Tools	Button	0	literal	UI/Interface	tscn	UI/Interface	Tools/Buttons/Margin/Buttons	Nomads	Button	text	1816980947	Nomads	886	Nómadas			
Traders	Traders	Title	0	literal	UI/Interface	tscn	UI/Interface	Trader/Header	Label	Label	text	1225535409	Trader	888	Operador			
Traders	Traders	Button	0	literal	UI/Interface	tscn	UI/Interface	Trader/Panel/Buttons	Supply	Button	text	668459232	Supply	890	Oferta			
Traders	Traders	Button	0	literal	UI/Interface	tscn	UI/Interface	Trader/Panel/Buttons	Tasks	Button	text	1351545789	Tasks	892	Tareas			
Traders	Traders	String	0	literal	UI/Interface	tscn	UI/Interface	Trader/Panel/Stats	Name	Label	text	924330186	Name:	894	Nombre:			
Traders	Traders	String	0	literal	UI/Interface	tscn	UI/Interface	Trader/Panel/Stats/Name	Value	Label	text	191837597	Trader	896	Operador	"Dynamically Changed as Traders/{name}/{name}.tres file's name field
by Scripts/Interface.gd (var tradername, func UpdateTraderInfo())"		
Traders	Traders/Stat	String	0	literal	UI/Interface	tscn	UI/Interface	Trader/Panel/Stats	Tax	Label	text	1262374201	Tax:	898	Impuestos:			
Traders	Traders/Stat	Number	1	literal	UI/Interface	tscn	UI/Interface	Trader/Panel/Stats/Tax	Value	Label	text	1097602043	100%					
Traders	Traders/Stat	String	0	literal	UI/Interface	tscn	UI/Interface	Trader/Panel/Stats	Tasks	Label	text	1480031378	Tasks:	900	Tareas:			
Traders	Traders/Stat	Number	1	literal	UI/Interface	tscn	UI/Interface	Trader/Panel/Stats/Tasks	Value	Label	text	473211852	0/10					
Traders	Traders/Stat	String	0	literal	UI/Interface	tscn	UI/Interface	Trader/Panel/Stats	Resupply	Label	text	1732497207	Resupply:	902	Reabastecimiento:			
Traders	Traders/Stat	Number	1	literal	UI/Interface	tscn	UI/Interface	Trader/Panel/Stats/Resupply	Value	Label	text	2068712959	10:00					
Traders	Deal	String	0	literal	UI/Interface	tscn	UI/Interface	Deal/Header	Label	Label	text	1552052318	Deal	904	Oferta			
Traders	Deal	String	0	literal	UI/Interface	tscn	UI/Interface	Deal/Panel/Indicator	Request	Label	text	2073759330	Request Value + Tax (€)	906	Importe de la solicitud + impuestos (€)			
Traders	Deal	Number	1	literal	UI/Interface	tscn	UI/Interface	Deal/Panel/Indicator/Request	Value	Label	text	406005124	0					
Traders	Deal	String	0	literal	UI/Interface	tscn	UI/Interface	Deal/Panel/Indicator	Offer	Label	text	1367762677	Offer Value (€)	908	Valor de la oferta (€)			
Traders	Deal	Number	1	literal	UI/Interface	tscn	UI/Interface	Deal/Panel/Indicator/Offer	Value	Label	text	1347382898	0					
Traders	Deal	Button	0	literal	UI/Interface	tscn	UI/Interface	Deal/Panel/Buttons	Reset	Button	text	1993804430	Reset	910	Restablecer			
Traders	Deal	Button	0	literal	UI/Interface	tscn	UI/Interface	Deal/Panel/Buttons	Accept	Button	text	1725440146	Accept	912	Aceptar			
Traders	Supply	String	0	literal	UI/Interface	tscn	UI/Interface	Supply/Header	Label	Label	text	939810639	Supply	914	Oferta			
Traders	Supply	Number	1	literal	UI/Interface	tscn	UI/Interface	Supply/Header/Value	Value	Label	text	396765070	1000					
Traders	Tasks	String	0	literal	UI/Interface	tscn	UI/Interface	Tasks/Header	Label	Label	text	1020392665	Tasks	916	Tareas			
Inventory	Furniture Catalog	String	0	literal	UI/Interface	tscn	UI/Interface	Catalog/Header	Label	Label	text	1805281791	Furniture Catalog	918	Catálogo de muebles			
Inventory	Furniture Catalog	String	0	literal	UI/Interface	tscn	UI/Interface	Catalog/Header	Warning	Label	text	1218775497	Catalog is linked to your character, death will also destroy your catalog items	920	El catálogo está vinculado a tu personaje; al morir, también se perderán los objetos de tu catálogo			
Inventory	Item	Button	0	literal	UI/Interface	tscn	UI/Interface	Context/Panel/Margin/Buttons	Use	Button	text	1176214056	"Use
"	922	Uso			
Inventory	Item	Button	0	literal	UI/Interface	tscn	UI/Interface	Context/Panel/Margin/Buttons	Equip	Button	text	29815165	"Equip
"	924	Equipar			
Inventory	Item	Button	0	literal	UI/Interface	tscn	UI/Interface	Context/Panel/Margin/Buttons	Unequip	Button	text	1416985585	"Unequip
"	926	Quitar			
Inventory	Item	Button	0	literal	UI/Interface	tscn	UI/Interface	Context/Panel/Margin/Buttons	Unload	Button	text	380158919	"Unload
"	928	Descargar			
Inventory	Item	Button	0	literal	UI/Interface	tscn	UI/Interface	Context/Panel/Margin/Buttons	Split	Button	text	1147150984	"Split
"	930	Split			
Inventory	Item	Button	0	literal	UI/Interface	tscn	UI/Interface	Context/Panel/Margin/Buttons	Take	Button	text	1343013049	"Take
"	932	Toma			
Inventory	Item	Button	0	literal	UI/Interface	tscn	UI/Interface	Context/Panel/Margin/Buttons	Sleep	Button	text	2093240116	"Sleep
"	934	Sueño			
Inventory	Item	Button	0	substr	Scripts/Context	gd			sleepButton.text	literal		133	Sleep	936	Sueño			
Inventory	Item	Button	0	literal	UI/Interface	tscn	UI/Interface	Context/Panel/Margin/Buttons	Transfer	Button	text	221380720	"Transfer
"	938	Transferencia			
Inventory	Item	Button	0	literal	UI/Interface	tscn	UI/Interface	Context/Panel/Margin/Buttons	Drop	Button	text	843290863	"Drop
"	940	Caída			
Inventory	Item	Button	0	literal	UI/Interface	tscn	UI/Interface	Context/Panel/Margin/Buttons	Place	Button	text	741000239	"Place
"	942	Lugar			
Inventory	Item	Button	0	literal	UI/Interface	tscn	UI/Interface	Context/Panel/Margin/Buttons	Destroy	Button	text	855510833	"Destroy
"	944	Destruir			
Inventory	Item	Button	0	pattern									Remove {name}	946	Remove {name}			
Inventory	Item	Button	0	literal	UI/Interface	tscn	UI/Interface	Context/Panel/Margin/Buttons	Remove_0	Button	text	1308304022	"Remove [0]
"	948	Eliminar [0]			
Inventory	Item	Button	0	literal	UI/Interface	tscn	UI/Interface	Context/Panel/Margin/Buttons	Remove_1	Button	text	457191876	"Remove [1]
"	950	Eliminar [1]			
Inventory	Item	Button	0	literal	UI/Interface	tscn	UI/Interface	Context/Panel/Margin/Buttons	Remove_2	Button	text	301616661	"Remove [2]
"	952	Eliminar [2]			
Inventory	Item	Button	0	literal	UI/Interface	tscn	UI/Interface	Context/Panel/Margin/Buttons	Remove_3	Button	text	541643648	"Remove [3]
"	954	Eliminar [3]			
Inventory	Item	String	0	literal	UI/Interface	tscn	UI/Interface	Tooltip/Panel/Margin/Elements	Title	Label	text	54863715	Coffeemaster	956	Coffeemaster			
Inventory	Item	String	0	literal	UI/Interface	tscn	UI/Interface	Tooltip/Panel/Margin/Elements	Type	Label	text	1647182867	Consumable	958	Consumible			
Inventory	Item	String	0	literal	UI/Interface	tscn	UI/Interface	Tooltip/Panel/Margin/Elements/Type	Rarity	Label	text	445033009	Legendary	960	Legendario			
Inventory	Item	String	0	literal	UI/Interface	tscn	UI/Interface	Tooltip/Panel/Margin/Elements	Info	Label	text	408195277	An item is an object within the game world that can be collected by a player.	962	Un objeto es un elemento del mundo del juego que el jugador puede recoger.			
Inventory	Item	String	0	literal	UI/Interface	tscn	UI/Interface	Tooltip/Panel/Margin/Elements	Equipment	Label	text	1638564823	Equipment:	964	Equipo:			
Inventory	Item	String	0	literal	UI/Interface	tscn	UI/Interface	Tooltip/Panel/Margin/Elements/Equipment	Value	Label	text	1943983734	Primary	966	Primaria			
Inventory	Item	String	0	literal	UI/Interface	tscn	UI/Interface	Tooltip/Panel/Margin/Elements	Condition	Label	text	1555815389	Condition:	968	Estado:			
Inventory	Item	String	1	literal	UI/Interface	tscn	UI/Interface	Tooltip/Panel/Margin/Elements/Condition	Value	Label	text	1988299962	100%					
Inventory	Item	String	0	literal	UI/Interface	tscn	UI/Interface	Tooltip/Panel/Margin/Elements	Weight	Label	text	1952577429	Weight:	970	Peso:			
Inventory	Item	String	1	literal	UI/Interface	tscn	UI/Interface	Tooltip/Panel/Margin/Elements/Weight	Value	Label	text	1243915241	100kg					
Inventory	Item	String	0	literal	UI/Interface	tscn	UI/Interface	Tooltip/Panel/Margin/Elements	Value	Label	text	1199163264	Value:	972	Valor:			
Inventory	Item	String	1	literal	UI/Interface	tscn	UI/Interface	Tooltip/Panel/Margin/Elements/Value	Value	Label	text	57981661	100€					
Inventory	Item	String	0	literal	UI/Interface	tscn	UI/Interface	Tooltip/Panel/Margin/Elements	Caliber	Label	text	109526197	Caliber:	974	Calibre:			
Inventory	Item	String	1	literal	UI/Interface	tscn	UI/Interface	Tooltip/Panel/Margin/Elements/Caliber	Value	Label	text	332676963	9x19					
Inventory	Item	String	0	literal	UI/Interface	tscn	UI/Interface	Tooltip/Panel/Margin/Elements	Damage	Label	text	2142958581	Damage:	976	Daños:			
Inventory	Item	String	1	literal	UI/Interface	tscn	UI/Interface	Tooltip/Panel/Margin/Elements/Damage	Value	Label	text	2093143860	100					
Inventory	Item	String	0	literal	UI/Interface	tscn	UI/Interface	Tooltip/Panel/Margin/Elements	Penetration	Label	text	930851184	Penetration:	978	Penetración:			
Inventory	Item	String	0	literal	UI/Interface	tscn	UI/Interface	Tooltip/Panel/Margin/Elements/Penetration	Value	Label	text	1801991368	Level 1	980	Nivel 1			
Inventory	Item	String	0	literal			UI/Interface	Tooltip/Panel/Margin/Elements/Penetration	Value	Label		1801991368	Level 2	982	Nivel 2			
Inventory	Item	String	0	literal			UI/Interface	Tooltip/Panel/Margin/Elements/Penetration	Value	Label		1801991368	Level 3	984	Nivel 3			
Inventory	Item	String	0	literal			UI/Interface	Tooltip/Panel/Margin/Elements/Penetration	Value	Label		1801991368	Level 4	986	Nivel 4			
Inventory	Item	String	0	literal			UI/Interface	Tooltip/Panel/Margin/Elements/Penetration	Value	Label		1801991368	Level 5	988	Nivel 5			
Inventory	Item	String	0	literal			UI/Interface	Tooltip/Panel/Margin/Elements	Protection	Label		1220649414	Protection:	990	Protección:			
Inventory	Item	String	0	pattern									Level {no}	992	Level {no}			
Inventory	Item	String	0	literal	UI/Interface	tscn	UI/Interface	Tooltip/Panel/Margin/Elements/Protection	Value	Label	text	357478276	Level 1	994	Nivel 1			
Inventory	Item	String	0	substr			UI/Interface	Tooltip/Panel/Margin/Elements/Protection	Value	Label		357478276	Level 2	996	Nivel 2			
Inventory	Item	String	0	substr			UI/Interface	Tooltip/Panel/Margin/Elements/Protection	Value	Label		357478276	Level 3	998	Nivel 3			
Inventory	Item	String	0	substr			UI/Interface	Tooltip/Panel/Margin/Elements/Protection	Value	Label		357478276	Level 4	1000	Nivel 4			
Inventory	Item	String	0	substr			UI/Interface	Tooltip/Panel/Margin/Elements/Protection	Value	Label		357478276	Level 5	1002	Nivel 5			
Inventory	Item	String	0	literal	UI/Interface	tscn	UI/Interface	Tooltip/Panel/Margin/Elements	Capacity	Label	text	118004042	Capacity:	1004	Capacidad:			
Inventory	Item	Number	1	literal	UI/Interface	tscn	UI/Interface	Tooltip/Panel/Margin/Elements/Capacity	Value	Label	text	1374527003	+10kg					
Inventory	Item	String	0	literal	UI/Interface	tscn	UI/Interface	Tooltip/Panel/Margin/Elements	Insulation	Label	text	1670132552	Insulation:	1006	Aislamiento:			
Inventory	Item	Number	1	literal	UI/Interface	tscn	UI/Interface	Tooltip/Panel/Margin/Elements/Insulation	Value	Label	text	1827825266	+10					
Inventory	Item	String	0	literal	UI/Interface	tscn	UI/Interface	Tooltip/Panel/Margin/Elements	Health	Label	text	636476059	Health:	1008	Salud:			
Inventory	Item	Number	1	literal	UI/Interface	tscn	UI/Interface	Tooltip/Panel/Margin/Elements/Health	Value	Label	text	1434473017	+10					
Inventory	Item	String	0	literal	UI/Interface	tscn	UI/Interface	Tooltip/Panel/Margin/Elements	Energy	Label	text	2130075686	Energy:	1010	Energía:			
Inventory	Item	Number	1	literal	UI/Interface	tscn	UI/Interface	Tooltip/Panel/Margin/Elements/Energy	Value	Label	text	501057241	+10					
Inventory	Item	String	0	literal	UI/Interface	tscn	UI/Interface	Tooltip/Panel/Margin/Elements	Hydration	Label	text	346091926	Hydration:	1012	Hidratación:			
Inventory	Item	Number	1	literal	UI/Interface	tscn	UI/Interface	Tooltip/Panel/Margin/Elements/Hydration	Value	Label	text	721142587	+10					
Inventory	Item	String	0	literal	UI/Interface	tscn	UI/Interface	Tooltip/Panel/Margin/Elements	Mental	Label	text	1325427063	Mental:	1014	Mental:			
Inventory	Item	Number	1	literal	UI/Interface	tscn	UI/Interface	Tooltip/Panel/Margin/Elements/Mental	Value	Label	text	1516623848	+10					
Inventory	Item	String	0	literal	UI/Interface	tscn	UI/Interface	Tooltip/Panel/Margin/Elements	Temperature	Label	text	1365488273	Body Temp:	1016	Temperatura corporal:			
Inventory	Item	Number	1	literal	UI/Interface	tscn	UI/Interface	Tooltip/Panel/Margin/Elements/Temperature	Value	Label	text	791196740	+10					
Inventory	Item	String	0	literal	UI/Interface	tscn	UI/Interface	Tooltip/Panel/Margin/Elements	Nested	Label	text	1670705044	Nested:	1018	Anidado:			
Inventory	Item	String	1	literal	UI/Interface	tscn	UI/Interface	Tooltip/Panel/Margin/Elements/Nested	Value	Label	text	930284487	Hybrid, OZ5, Leopard, Magazine			PlaceHolderText, Don't need to translate (Will be handled by substr).		
Inventory	Item	String	0	literal	UI/Interface	tscn	UI/Interface	Tooltip/Panel/Margin/Elements	Cures	Label	text	1853227613	Cures:	1020	Curas:			
Inventory	Item	String	0	literal	UI/Interface	tscn	UI/Interface	Tooltip/Panel/Margin/Elements/Subpanel/Margin/Elements	Compatible	Label	text	1158325453	Compatible Items:	1022	Artículos compatibles:			
Inventory	Item	String	1	literal	UI/Interface	tscn	UI/Interface	Tooltip/Panel/Margin/Elements/Subpanel/Margin/Elements	List	Label	text	784062048	Hybrid, OZ5, Leopard, Magazine, Batteries, ACOG			PlaceHolderText, Don't need to translate (Will be handled by substr).		
Inventory	Tools/Craft	String	0	substr	Scripts/Recipe	gd			inputButton.text	literal		218	Heat required	1024	Calor necesario			
Inventory	Tools/Craft	String	0	substr	Scripts/Recipe	gd			inputButton.text	literal		229	Workbench required	1026	Se necesita un banco de trabajo			
Inventory	Tools/Craft	String	0	substr	Scripts/Recipe	gd			inputButton.text	literal		240	Shelter required	1028	Se necesita refugio			
Inventory	Tools/Craft	String	0	literal	UI/Elements/Item	tscn	UI/Elements/Item	Details	Abbreviation	Label	text	636382564	Item	1030	Artículo			
Inventory	#Not Checked	String	1	literal	UI/Elements/Item	tscn	UI/Elements/Item	Details	Condition	Label	text	964274680	100%					
Inventory	#Not Checked	String	1	literal	UI/Elements/Item	tscn	UI/Elements/Item	Details	Amount	Label	text	1646293271	1					
Inventory	#Not Checked	String	0	literal	UI/Profiler	tscn	UI/Profiler	Panel/Margin	Label	Label	text	264383942	Profiler	1032	Generador de perfiles	Developer Only		
Inventory	Tools/Craft	Button	0	literal	UI/Elements/Recipe	tscn	UI/Elements/Recipe	Margin/Elements/Header	Show	Button	text	1535717137	Show	1034	Mostrar			
Inventory	Tools/Craft	String	0	literal	UI/Elements/Recipe	tscn	UI/Elements/Recipe	Margin/Elements/Header	Title	Label	text	471335200	Recipe Name	1036	Nombre de la receta			
Inventory	Tools/Craft	String	1	literal	UI/Elements/Recipe	tscn	UI/Elements/Recipe	Margin/Elements/Header	Time	Label	text	868992173	01:00					
Inventory	Tools/Craft	String	0	literal	UI/Elements/Recipe	tscn	UI/Elements/Recipe	Margin/Elements/Content	Input	Label	text	914823117	Input:	1038	Entrada:			
Inventory	Tools/Craft	String	1	literal	UI/Elements/Recipe	tscn	UI/Elements/Recipe	Margin/Elements/Content/Input	Items	Label	text	1416326051	Item, Item, Item, Item			PlaceHolderText, Don't need to translate (Will be handled by substr).		
Inventory	Tools/Craft	String	0	literal	UI/Elements/Recipe	tscn	UI/Elements/Recipe	Margin/Elements/Content	Output	Label	text	102542488	Output:	1040	Salida:			
Inventory	Tools/Craft	String	1	literal	UI/Elements/Recipe	tscn	UI/Elements/Recipe	Margin/Elements/Content/Output	Items	Label	text	968539697	Item, Item, Item, Item			PlaceHolderText, Don't need to translate (Will be handled by substr).		
Inventory	Tools/Craft	Button	0	literal	UI/Elements/Recipe	tscn	UI/Elements/Recipe	Margin/Elements/Content/Buttons	Input	Button	text	615000602	Start Input	1042	Introducción			
Inventory	Tools/Craft	Button	0	substr	Scripts/Recipe	gd			inputButton.text	literal		214	Start Input	1044	Introducción			
Inventory	Tools/Craft	Button	0	ignore	Scripts/Recipe	gd			inputButton.text	literal		225	Start Input					
Inventory	Tools/Craft	Button	0	ignore	Scripts/Recipe	gd			inputButton.text	literal		236	Start Input					
Inventory	Tools/Craft	Button	0	ignore	Scripts/Recipe	gd			inputButton.text	literal		268	Start Input					
Inventory	Tools/Craft	Button	0	substr	Scripts/Recipe	gd			inputButton.text	literal		278	Stop Input	1046	Detener la entrada			
Inventory	Tools/Craft	Button	0	substr	Scripts/Recipe	gd			inputButton.text	literal		289	Reset Input	1048	Restablecer entrada			
Inventory	Tools/Craft	Button	0	literal	UI/Elements/Recipe	tscn	UI/Elements/Recipe	Margin/Elements/Content/Buttons	Complete	Button	text	120533530	Craft	1050	Artesanía			
Inventory	Tools/Crafting	String	0	static	UI/Interface	tscn	UI/Interface	Tools/Crafting/Types/Margin/Buttons/Proximity/Margin/Icons/Heat	Info		title	964839395	Heat	1052	Calor			
Inventory	Tools/Crafting	String	0	static	UI/Interface	tscn	UI/Interface	Tools/Crafting/Types/Margin/Buttons/Proximity/Margin/Icons/Heat	Info		info	964839395	A nearby crafting element which can be required for certain cooking-based recipes.	1054	Un material de artesanía cercano que puede ser necesario para ciertas recetas de cocina.			
Inventory	Tools/Crafting	String	0	static	UI/Interface	tscn	UI/Interface	Tools/Crafting/Types/Margin/Buttons/Proximity/Margin/Icons/Heat	Info		type	964839395	Proximity Requirement	1056	Requisito de proximidad			
Inventory	Tools/Crafting	String	0	static	UI/Interface	tscn	UI/Interface	Tools/Crafting/Types/Margin/Buttons/Proximity/Margin/Icons/Workbech	Info		title	1508788255	Workbench	1058	Banco de trabajo			
Inventory	Tools/Crafting	String	0	static	UI/Interface	tscn	UI/Interface	Tools/Crafting/Types/Margin/Buttons/Proximity/Margin/Icons/Workbech	Info		info	1508788255	A nearby crafting element which can be required for certain construction-based recipes.	1060	Un elemento de artesanía cercano que puede ser necesario para ciertas recetas relacionadas con la construcción.			
Inventory	Tools/Crafting	String	0	static	UI/Interface	tscn	UI/Interface	Tools/Crafting/Types/Margin/Buttons/Proximity/Margin/Icons/Workbech	Info		type	1508788255	Proximity Requirement	1062	Requisito de proximidad			
Inventory	Tools/Crafting	String	0	static	UI/Interface	tscn	UI/Interface	Tools/Crafting/Types/Margin/Buttons/Proximity/Margin/Icons/Testbench	Info		title	1881824771	Testbench	1064	Banco de pruebas	I can't find this. Maybe not updated in 1.0.0 version yet.		
Inventory	Tools/Crafting	String	0	static	UI/Interface	tscn	UI/Interface	Tools/Crafting/Types/Margin/Buttons/Proximity/Margin/Icons/Testbench	Info		info	1881824771	A nearby crafting element which can be required for certain electronic-based recipes.	1066	Un material de fabricación cercano que puede ser necesario para ciertas recetas de objetos electrónicos.	I can't find this. Maybe not updated in 1.0.0 version yet.		
Inventory	Tools/Crafting	String	0	static	UI/Interface	tscn	UI/Interface	Tools/Crafting/Types/Margin/Buttons/Proximity/Margin/Icons/Testbench	Info		type	1881824771	Proximity Requirement	1068	Requisito de proximidad	I can't find this. Maybe not updated in 1.0.0 version yet.		
Inventory	Tools/Crafting	String	0	static	UI/Interface	tscn	UI/Interface	Tools/Crafting/Types/Margin/Buttons/Proximity/Margin/Icons/Shelter	Info		title	1493501068	Shelter	1070	Refugio			
Inventory	Tools/Crafting	String	0	static	UI/Interface	tscn	UI/Interface	Tools/Crafting/Types/Margin/Buttons/Proximity/Margin/Icons/Shelter	Info		info	1493501068	A nearby crafting element which can be required for certain furniture-based recipes.	1072	Un elemento de artesanía cercano que puede ser necesario para ciertas recetas relacionadas con muebles.			
Inventory	Tools/Crafting	String	0	static	UI/Interface	tscn	UI/Interface	Tools/Crafting/Types/Margin/Buttons/Proximity/Margin/Icons/Shelter	Info		type	1493501068	Proximity Requirement	1074	Requisito de proximidad			
Inventory	Tools/Crafting	String	0	static	UI/Interface	tscn	UI/Interface	Trader/Panel	Info		title	844527464	Trader	1076	Operador			
Inventory	Tools/Task	String	0	literal	UI/Elements/Task	tscn	UI/Elements/Task	Margin/Elements	Title	Label	text	1091795131	Duty Calls	1078	El deber llama	PlaceHolder		
Inventory	Tools/Task	Button	0	literal	UI/Elements/Task	tscn	UI/Elements/Task	Margin/Elements/Title	Add	Button	text	165565985	Add to Notes	1080	Añadir a las notas			
Inventory	Tools/Task	Button	0	literal	UI/Elements/Task	tscn	UI/Elements/Task	Margin/Elements/Title	Remove	Button	text	1151699378	Remove	1082	Eliminar			
Inventory	Tools/Task	String	0	literal	UI/Elements/Task	tscn	UI/Elements/Task	Margin/Elements	Difficulty	Label	text	1059177519	Difficulty:	1084	Dificultad:			
Inventory	Tools/Task	String	0	literal	UI/Elements/Task	tscn	UI/Elements/Task	Margin/Elements/Difficulty	Value	Label	text	299882460	Easy	1086	Fácil			
Inventory	Tools/Task	String	0	literal	UI/Elements/Task	tscn	UI/Elements/Task	Margin/Elements	Description	Label	text	1563024386	"Last week I visited the Doctor in that abandoned school building nearby. He told me that I should cut all my ""bad habits"", but the old fucker smokes himself, so screw him!

You're probably just one of those modern-day hippies who only licks mint pastilles when things get rough, but if you happen to find one of these, bring a pack or two and some matches as well."	1088	"La semana pasada fui al doctor en ese edificio escolar abandonado que hay cerca. Me dijo que debía dejar todos mis «malos hábitos», pero el viejo cabrón fuma él mismo, ¡así que que le den!

Probablemente seas uno de esos hippies de hoy en día que solo chupan pastillas de menta cuando las cosas se ponen feas, pero si por casualidad te topas con uno de estos, trae un paquete o dos y también unas cerillas."			
Inventory	Tools/Task	String	0	literal	UI/Elements/Task	tscn	UI/Elements/Task	Margin/Elements	Input	Label	text	420211971	Deliver:	1090	Entregar:			
Inventory	Tools/Task	String	1	literal	UI/Elements/Task	tscn	UI/Elements/Task	Margin/Elements/Input	Items	Label	text	1782396431	Item, Item, Item, Item			PlaceHolderText, Don't need to translate (Will be handled by substr).		
Inventory	Tools/Task	String	0	literal	UI/Elements/Task	tscn	UI/Elements/Task	Margin/Elements	Output	Label	text	1194037650	Receive:	1092	Recibir:			
Inventory	Tools/Task	String	1	literal	UI/Elements/Task	tscn	UI/Elements/Task	Margin/Elements/Output	Items	Label	text	1267225060	Item, Item, Item, Item			PlaceHolderText, Don't need to translate (Will be handled by substr).		
Inventory	Tools/Task	String	0	literal	UI/Elements/Task	tscn	UI/Elements/Task	Margin/Elements	Hint	Label	text	407342033	"→ You will receive shelter furniture from this task
→ Your furniture is located in Furniture Catalog [Decor Mode]"	1094	"→ Recibirás muebles para el refugio al completar esta tarea
→ Tus muebles se encuentran en el Catálogo de muebles [Modo Decoración]"			
Inventory	Tools/Task	Button	0	literal	UI/Elements/Task	tscn	UI/Elements/Task	Margin/Elements/Buttons	Input	Button	text	1296915111	Start Delivery	1096	Iniciar entrega			
Inventory	Tools/Task	Button	0	substr	Scripts/Task	gd			inputButton.text	literal		267	Start Delivery	1098	Iniciar entrega			
Inventory	Tools/Task	Button	0	ignore	Scripts/Task	gd			inputButton.text	literal		291	Start Delivery					
Inventory	Tools/Task	Button	0	literal			UI/Elements/Task	Margin/Elements/Buttons	Input	Button			Stop Delivery	1100	Suspender la entrega			
Inventory	Tools/Task	Button	0	substr	Scripts/Task	gd			inputButton.text	literal		279	Stop Delivery	1102	Suspender la entrega			
Inventory	Tools/Task	Button	0	literal			UI/Elements/Task	Margin/Elements/Buttons	Input	Button			Delivered	1104	Entregado			
Inventory	Tools/Task	Button	0	substr	Scripts/Task	gd			inputButton.text	literal		303	Delivered	1106	Entregado			
Inventory	Tools/Task	String	0	literal	UI/Elements/Task	tscn	UI/Elements/Task	Margin/Elements/Buttons	Complete	Button	text	1945292143	Complete	1108	Completo			
Inventory	Tools/Casette	String	1	literal	UI/Elements/Track	tscn	UI/Elements/Track	Margin/Elements/Header	Play	Button	text	1838614416	▶					
Inventory	Tools/Casette	String	1	literal	UI/Elements/Track	tscn	UI/Elements/Track	Margin/Elements/Header	Title	Label	text	1580966612	Junna - Pappa Se Antoi Hevosen					
Inventory	Tools/Casette	String	1	literal	UI/Elements/Track	tscn	UI/Elements/Track	Margin/Elements/Header	Length	Label	text	112322878	3:30					
Inventory	Stats	String	0	static	UI/Interface	tscn	UI/Interface	Inventory/Header/Capacity	Info		title	982078202	Carry Capacity	1110	Capacidad de carga			
Inventory	Stats	String	0	static	UI/Interface	tscn	UI/Interface	Inventory/Header/Capacity	Info		info	982078202	A capacity value (kg) of all equipment items.	1112	El valor de la capacidad (kg) de todos los equipos.			
Inventory	Stats	String	0	static	UI/Interface	tscn	UI/Interface	Inventory/Header/Capacity	Info		type	982078202	Inventory Stat	1114	Estadísticas de inventario			
Inventory	Stats	String	0	static	UI/Interface	tscn	UI/Interface	Inventory/Header/Weight	Info		title	1099976304	Inventory Weight	1116	Peso de inventario			
Inventory	Stats	String	0	static	UI/Interface	tscn	UI/Interface	Inventory/Header/Weight	Info		info	1099976304	A weight value (kg) of all inventory items.	1118	El peso (en kg) de todos los artículos en inventario.			
Inventory	Stats	String	0	static	UI/Interface	tscn	UI/Interface	Inventory/Header/Weight	Info		type	1099976304	Inventory Stat	1120	Estadísticas de inventario			
Inventory	Stats	String	0	static	UI/Interface	tscn	UI/Interface	Inventory/Header/Value	Info		title	1625059626	Inventory Value	1122	Valor de inventario			
Inventory	Stats	String	0	static	UI/Interface	tscn	UI/Interface	Inventory/Header/Value	Info		info	1625059626	A price value (€) of all inventory items.	1124	El valor total (en euros) de todos los artículos en inventario.			
Inventory	Stats	String	0	static	UI/Interface	tscn	UI/Interface	Inventory/Header/Value	Info		type	1625059626	Inventory Stat	1126	Estadísticas de inventario			
Inventory	Stats	String	0	static	UI/Interface	tscn	UI/Interface	Container/Header/Weight	Info		title	555728015	Container Weight	1128	Peso del contenedor			
Inventory	Stats	String	0	static	UI/Interface	tscn	UI/Interface	Container/Header/Weight	Info		info	555728015	A weight value (kg) of all container items.	1130	El peso total (en kg) de todos los artículos del contenedor.			
Inventory	Stats	String	0	static	UI/Interface	tscn	UI/Interface	Container/Header/Weight	Info		type	555728015	Container Stat	1132	Estado del contenedor			
Inventory	Stats	String	0	static	UI/Interface	tscn	UI/Interface	Container/Header/Value	Info		title	1268234374	Container Value	1134	Valor del contenedor			
Inventory	Stats	String	0	static	UI/Interface	tscn	UI/Interface	Container/Header/Value	Info		info	1268234374	A price value (€) of all container items.	1136	El valor total (en euros) de todos los artículos en contenedores.			
Inventory	Stats	String	0	static	UI/Interface	tscn	UI/Interface	Container/Header/Value	Info		type	1268234374	Container Stat	1138	Estado del contenedor			
Inventory	Stats	String	0	static	UI/Interface	tscn	UI/Interface	Equipment/Stats/Elements/Capacity	Info		title	825286726	Carry Capacity	1140	Capacidad de carga			
Inventory	Stats	String	0	static	UI/Interface	tscn	UI/Interface	Equipment/Stats/Elements/Capacity	Info		info	825286726	"A weight capacity value (kg) of how much inventory weight you can carry.

Carry Capacity increases when you equip items such as backpacks, rigs or clothing with a positive capacity stat.

Carry Capacity by default is 10kg"	1142	"Un valor de capacidad de carga (kg) que indica cuánto peso de inventario puedes transportar.

La capacidad de carga aumenta cuando equipas objetos como mochilas, arneses o ropa con una estadística de capacidad positiva.

La capacidad de carga predeterminada es de 10 kg"			
Inventory	Stats	String	0	static	UI/Interface	tscn	UI/Interface	Equipment/Stats/Elements/Capacity	Info		type	825286726	Equipment Stat	1144	Estadísticas del equipo			
Inventory	Stats	String	0	static	UI/Interface	tscn	UI/Interface	Equipment/Stats/Elements/Value	Info		title	853719663	Equipment Value	1146	Valor del equipo			
Inventory	Stats	String	0	static	UI/Interface	tscn	UI/Interface	Equipment/Stats/Elements/Value	Info		info	853719663	A price value (€) of all equipment items.	1148	El valor (en euros) de todos los artículos de equipo.			
Inventory	Stats	String	0	static	UI/Interface	tscn	UI/Interface	Equipment/Stats/Elements/Value	Info		type	853719663	Equipment Stat	1150	Estadísticas del equipo			
Inventory	Stats	String	0	static	UI/Interface	tscn	UI/Interface	Equipment/Stats/Elements/Insulation	Info		title	1800952039	Insulation	1152	Aislamiento			
Inventory	Stats	String	0	static	UI/Interface	tscn	UI/Interface	Equipment/Stats/Elements/Insulation	Info		info	1800952039	"A clothing-based thermal protection value against cold.

Insulation is linked to Body Temp vital, where Insulation reduces Body Temp decrease speed in Winter.

Insulation increases when you equip clothing items with a positive insulation stat.

Insulation examples:
[100] = B. Temp decrease fully stopped
[50] = B. Temp decrease slowed by 50%
[0] = B. Temp decreases at default rate"	1154	"Un valor de protección térmica contra el frío basado en la ropa.

El aislamiento está vinculado a la temperatura corporal, ya que reduce la velocidad a la que esta desciende en invierno.

El aislamiento aumenta cuando te equipas con prendas que tienen un valor de aislamiento positivo.

Ejemplos de aislamiento:
[100] = La disminución de la temperatura corporal se detiene por completo
[50] = La disminución de la temperatura corporal se ralentiza en un 50 %
[0] = La temperatura corporal disminuye a la velocidad predeterminada"			
Inventory	Stats	String	0	static	UI/Interface	tscn	UI/Interface	Equipment/Stats/Elements/Insulation	Info		type	1800952039	Equipment Stat	1156	Estadísticas del equipo			
Inventory	Stats	String	0	static	UI/Interface	tscn	UI/Interface	Equipment/Stats/Elements/Dexterity	Info		title	550854834	Dexterity	1158	Destreza			
Inventory	Stats	String	0	static	UI/Interface	tscn	UI/Interface	Equipment/Stats/Elements/Dexterity	Info		info	550854834	"An inertia-based value of how quickly you can move and do certain actions.

Dexterity is linked to movement speed and weapon handling such as aiming and reloading.

Dexterity decreases when you equip heavy or unergonomic items with a negative dexterity stat."	1160	"Un valor basado en la inercia que indica la rapidez con la que puedes moverte y realizar ciertas acciones.

La destreza está relacionada con la velocidad de movimiento y el manejo de las armas, como apuntar y recargar.

La destreza disminuye cuando equipas objetos pesados o poco ergonómicos que tienen un valor negativo en la estadística de destreza."			
Inventory	Stats	String	0	static	UI/Interface	tscn	UI/Interface	Equipment/Stats/Elements/Dexterity	Info		type	550854834	Equipment Stat	1162	Estadísticas del equipo			
Inventory	Stats	String	0	static	UI/Interface	tscn	UI/Interface	Equipment/Stats/Elements/Menace	Info		title	1925451931	Menace	1164	Amenaza			
Inventory	Stats	String	0	static	UI/Interface	tscn	UI/Interface	Equipment/Stats/Elements/Menace	Info		info	1925451931	"An intimidation value of how threatening AI sees your character and equipment.

When you have a high Menace value, AI is less likely to use aggressive or attack-based behaviors against you.

Menace increases when you equip items such as special clothing with a positive Menace stat.

Menace only affects low-tier AI (Bandits)."	1166	"Un valor de intimidación que indica el grado de amenaza que la IA percibe en tu personaje y tu equipamiento.

Cuando tienes un valor de Amenaza alto, es menos probable que la IA utilice comportamientos agresivos o de ataque contra ti.

La Amenaza aumenta cuando equipas objetos como ropa especial con una estadística de Amenaza positiva.

La Amenaza solo afecta a la IA de bajo nivel (bandidos)."			
Inventory	Stats	String	0	static	UI/Interface	tscn	UI/Interface	Equipment/Stats/Elements/Menace	Info		type	1925451931	Equipment Stat	1168	Estadísticas del equipo			
Inventory	Stats	String	0	static	UI/Interface	tscn	UI/Interface	Equipment/Stats/Elements/CBRN	Info		title	215856199	CBRN	1170	CBRN			
Inventory	Stats	String	0	substr									CBRN	1172	CBRN			
Inventory	Stats	String	0	static	UI/Interface	tscn	UI/Interface	Equipment/Stats/Elements/CBRN	Info		info	215856199	"A protection value against chemical, biological, radiological and nuclear threats.

CBRN is linked to Health vital, where CBRN reduces the Health decrease speed when you are exposed to hazardous areas or materials.

CBRN increases when you equip items such as special clothing or protective masks with a positive CBRN stat."	1174	"Un valor de protección frente a amenazas químicas, biológicas, radiológicas y nucleares.

El CBRN está vinculado a la salud vital, ya que reduce la velocidad a la que disminuye la salud cuando te expones a zonas o materiales peligrosos.

El CBRN aumenta cuando te equipas con objetos como ropa especial o máscaras protectoras que tengan una estadística CBRN positiva."			
Inventory	Stats	String	0	static	UI/Interface	tscn	UI/Interface	Equipment/Stats/Elements/CBRN	Info		type	215856199	Equipment Stat	1176	Estadísticas del equipo			
Inventory	Stats	String	0	static	UI/Interface	tscn	UI/Interface	Character/Vitals/Elements/Health	Info		title	2025955860	Health	1178	Salud			
Inventory	Stats	String	0	static	UI/Interface	tscn	UI/Interface	Character/Vitals/Elements/Health	Info		info	2025955860	"Your main vital for staying alive.

Health decreases with damages and active medical conditions.

Health increases with certain medical items such as Bandages and Medkits.

Health [0] -> Character dies"	1180	"Tu salud es fundamental para seguir con vida.

La salud disminuye con los daños y las afecciones médicas activas.

La salud aumenta con ciertos artículos médicos, como vendajes y botiquines.

Salud [0] -> El personaje muere"			
Inventory	Stats	String	0	static	UI/Interface	tscn	UI/Interface	Character/Vitals/Elements/Health	Info		type	2025955860	Vital	1182	Fundamental			
Inventory	Stats	String	0	static	UI/Interface	tscn	UI/Interface	Character/Vitals/Elements/Energy	Info		title	256184	Energy	1184	Energía			
Inventory	Stats	String	0	static	UI/Interface	tscn	UI/Interface	Character/Vitals/Elements/Energy	Info		info	256184	"Your hunger and energy level.

Energy decreases over time and using map transitions with Energy Cost.

Energy increases with certain consumables such as food.

Energy [0] -> Starvation (Condition)"	1186	"Tu nivel de hambre y de energía.

La energía disminuye con el tiempo y al usar transiciones de mapa que consumen energía.

La energía aumenta con ciertos consumibles, como la comida.

Energía [0] -> Inanición (Condición)"			
Inventory	Stats	String	0	static	UI/Interface	tscn	UI/Interface	Character/Vitals/Elements/Energy	Info		type	256184	Vital	1188	Fundamental			
Inventory	Stats	String	0	static	UI/Interface	tscn	UI/Interface	Character/Vitals/Elements/Hydration	Info		title	1778216863	Hydration	1190	Hidratación			
Inventory	Stats	String	0	static	UI/Interface	tscn	UI/Interface	Character/Vitals/Elements/Hydration	Info		info	1778216863	"Your thirst and hydration level.

Hydration decreases over time and using map transitions with Hydration Cost. 

Certain dry or salty consumables may also decrease Hydration.

Hydration increases with certain consumables such as drinks.

Hydration [0] -> Dehydration (Condition)"	1192	"Tu sed y tu nivel de hidratación.

La hidratación disminuye con el tiempo y al realizar transiciones entre mapas que impliquen un «costo de hidratación».

Ciertos consumibles secos o salados también pueden reducir la hidratación.

La hidratación aumenta con ciertos consumibles, como las bebidas.

Hidratación [0] -> Deshidratación (condición)"			
Inventory	Stats	String	0	static	UI/Interface	tscn	UI/Interface	Character/Vitals/Elements/Hydration	Info		type	1778216863	Vital	1194	Fundamental			
Inventory	Stats	String	0	static	UI/Interface	tscn	UI/Interface	Character/Vitals/Elements/Mental	Info		title	1524485513	Mental	1196	Mental			
Inventory	Stats	String	0	static	UI/Interface	tscn	UI/Interface	Character/Vitals/Elements/Mental	Info		info	1524485513	"Your happiness and sanity level.

Mental decreases over time and with nasty consumables. Any active medical condition makes the decrease speed 2x.

Mental increases with comforting items such as snacks, warm meals and vices like alcohol or nicotine products.

Mental [0] -> Insanity (Condition)"	1198	"Tu nivel de felicidad y cordura.

La cordura disminuye con el tiempo y al consumir productos nocivos. Cualquier afección médica activa duplica la velocidad de disminución.

La cordura aumenta con artículos reconfortantes, como bocadillos, comidas calientes y vicios como el alcohol o los productos con nicotina.

Cordura [0] -> Locura (Afección)"			
Inventory	Stats	String	0	static	UI/Interface	tscn	UI/Interface	Character/Vitals/Elements/Mental	Info		type	1524485513	Vital	1200	Fundamental			
Inventory	Stats	String	0	static	UI/Interface	tscn	UI/Interface	Character/Vitals/Elements/Temperature	Info		title	500385079	Body Temp	1202	Temperatura corporal			
Inventory	Stats	String	0	static	UI/Interface	tscn	UI/Interface	Character/Vitals/Elements/Temperature	Info		info	500385079	"Your warmth and body temperature level.

Body Temp decreases over time in Winter. Decrease speed can be reduced by staying indoors or by equipping clothing items with a positive insulation stat.

Body Temp increases in Shelter or by staying around heat sources like fires. Certain heat-related items such as Heatpacks or Space Blankets will also increase Body Temp.

Body Temp [0] -> Frostbite (Condition)"	1204	"Tu calor corporal y tu temperatura corporal.

La temperatura corporal disminuye con el tiempo en invierno. La velocidad de esta disminución puede reducirse permaneciendo en interiores o utilizando prendas con un valor de aislamiento positivo.

La temperatura corporal aumenta en los refugios o al permanecer cerca de fuentes de calor, como el fuego. Ciertos artículos relacionados con el calor, como las bolsas térmicas o las mantas isotérmicas, también aumentarán la temperatura corporal.

Temperatura corporal [0] -> Congelación (condición)"			
Inventory	Stats	String	0	static	UI/Interface	tscn	UI/Interface	Character/Vitals/Elements/Temperature	Info		type	500385079	Vital	1206	Fundamental			
Inventory	Stats	String	0	static	UI/Interface	tscn	UI/Interface	Character/Vitals/Elements/Cat	Info		title	2119249152	Cat	1208	Gato			
Inventory	Stats	String	0	static	UI/Interface	tscn	UI/Interface	Character/Vitals/Elements/Cat	Info		info	2119249152	"Grandma's cat health level.

Cat health activates if you decide to rescue the Cat and bring her to your shelter.

Cat health decreases over time.

Cat health increases when you feed the cat with consumables such as Cat Food or Canned Tuna.

Cat [0] -> Cat dies"	1210	"Nivel de salud de la gata de la abuela.

La salud de la gata se activa si decides rescatarla y llevarla a tu refugio.

La salud de la gata disminuye con el tiempo.

La salud de la gata aumenta cuando le das de comer productos como comida para gatos o atún enlatado.

Gata [0] -> La gata muere"			
Inventory	Stats	String	0	static	UI/Interface	tscn	UI/Interface	Character/Vitals/Elements/Cat	Info		type	2119249152	Vital	1212	Fundamental			
Inventory	Stats	String	0	substr	UI/Interface	tscn	UI/Interface	Character/Medical/Elements/Overweight	Info		title	1472180750	Overweight	1214	Sobrepeso			
Inventory	Stats	String	0	static	UI/Interface	tscn	UI/Interface	Character/Medical/Elements/Overweight	Info		info	1472180750	"A condition where you are carrying too much weight and movement becomes unsustainable.

Causes:
- Inventory Weight > Carry Capacity

Symptoms
- All stamina consumption [+50%]
- All stamina regeneration [Blocked]
- Movement speed [-50%]
- Jump height [-50%]

Cures:
- Inventory Weight < Carry Capacity"	1216	"Una condición en la que llevas demasiado peso y el movimiento se vuelve insostenible.

Causas:
- Peso del inventario > Capacidad de carga

Síntomas:
- Consumo de resistencia [+50 %]
- Regeneración de resistencia [Bloqueada]
- Velocidad de movimiento [-50 %]
- Altura de salto [-50 %]

Soluciones:
- Peso del inventario < Capacidad de carga"			
Inventory	Stats	String	0	static	UI/Interface	tscn	UI/Interface	Character/Medical/Elements/Overweight	Info		type	1472180750	Medical Condition	1218	Afección médica			
Inventory	Stats	String	0	static	UI/Interface	tscn	UI/Interface	Character/Medical/Elements/Starvation	Info		title	1549426522	Starvation	1220	Inanición			
Inventory	Stats	String	0	static	UI/Interface	tscn	UI/Interface	Character/Medical/Elements/Starvation	Info		info	1549426522	"A condition where you have a lack of calories and essential nutrients.

Causes:
- Energy [0]

Symptoms:
- Health [-1 unit / 10 sec]
- Stamina consumption [+50%]
- Stamina regeneration [-50%]

Cures:
- Consumables"	1222	"Condición en la que sufres una carencia de calorías y nutrientes esenciales.

Causas:
- Energía [0]

Síntomas:
- Salud [-1 unidad / 10 s]
- Consumo de resistencia [+50 %]
- Regeneración de resistencia [-50 %]

Curas:
- Consumibles"			
Inventory	Stats	String	0	static	UI/Interface	tscn	UI/Interface	Character/Medical/Elements/Starvation	Info		type	1549426522	Medical Condition	1224	Afección médica			
Inventory	Stats	String	0	static	UI/Interface	tscn	UI/Interface	Character/Medical/Elements/Dehydration	Info		title	986386791	Dehydration	1226	Deshidratación			
Inventory	Stats	String	0	static	UI/Interface	tscn	UI/Interface	Character/Medical/Elements/Dehydration	Info		info	986386791	"A condition where your body doesn't have enough fluids to function normally.

Causes:
- Hydration [0]

Symptoms:
- Health [-1 unit / 10 sec]
- All stamina consumption [+50%]
- All stamina regeneration [-50%]

Cures:
- Consumables"	1228	"Condición en la que el cuerpo no tiene suficientes líquidos para funcionar con normalidad.

Causas:
- Hidratación [0]

Síntomas:
- Salud [-1 unidad / 10 s]
- Consumo de resistencia [+50 %]
- Regeneración de resistencia [-50 %]

Curas:
- Consumibles"			
Inventory	Stats	String	0	static	UI/Interface	tscn	UI/Interface	Character/Medical/Elements/Dehydration	Info		type	986386791	Medical Condition	1230	Afección médica			
Inventory	Stats	String	0	static	UI/Interface	tscn	UI/Interface	Character/Medical/Elements/Bleeding	Info		title	1768354194	Bleeding	1232	Hemorragia			
Inventory	Stats	String	0	static	UI/Interface	tscn	UI/Interface	Character/Medical/Elements/Bleeding	Info		info	1768354194	"A condion where you have a minor bleeding from small cuts or scrapes.

Causes: 
- Weapon damage
- Explosion damage
- Fall damage
- Razor wire

Symptoms:
- Health [-1 unit / 5 sec]

Cures: 
- Bandage
- Tourniquet
- Medkit
- IFAK / AFAK"	1234	"Condición en la que se produce un sangrado leve debido a pequeños cortes o rasguños.

Causas: 
- Daño por arma
- Daño por explosión
- Daño por caída
- Alambre de púas

Síntomas:
- Salud [-1 unidad / 5 seg]

Tratamientos: 
- Vendaje
- Torniquete
- Botiquín
- IFAK / AFAK"			
Inventory	Stats	String	0	static	UI/Interface	tscn	UI/Interface	Character/Medical/Elements/Bleeding	Info		type	1768354194	Medical Condition	1236	Afección médica			
Inventory	Stats	String	0	static	UI/Interface	tscn	UI/Interface	Character/Medical/Elements/Fracture	Info		title	139365606	Fracture	1238	Fractura			
Inventory	Stats	String	0	static	UI/Interface	tscn	UI/Interface	Character/Medical/Elements/Fracture	Info		info	139365606	"A condition where you have a partial or complete break in the bone.

Causes: 
- Weapon damage
- Explosion damage
- Fall damage

Symptoms:
- Health [-1 unit / 5 sec]
- Movement speed [-50%]
- Jump height [-50%]

Cures: 
- Splint
- Medkit
- IFAK / AFAK"	1240	"Afección en la que se produce una fractura parcial o completa del hueso.

Causas: 
- Daño por arma
- Daño por explosión
- Daño por caída

Síntomas:
- Salud [-1 unidad / 5 s]
- Velocidad de movimiento [-50 %]
- Altura de salto [-50 %]

Tratamientos: 
- Férula
- Botiquín
- IFAK / AFAK"			
Inventory	Stats	String	0	substr									Explosion	1242	Explosión			
Inventory	Stats	String	0	substr									Fall	1244	Otoño			
Inventory	Stats	String	0	static	UI/Interface	tscn	UI/Interface	Character/Medical/Elements/Fracture	Info		type	139365606	Medical Condition	1246	Afección médica			
Inventory	Stats	String	0	static	UI/Interface	tscn	UI/Interface	Character/Medical/Elements/Burn	Info		title	275854551	Burn	1248	Quemar			
Inventory	Stats	String	0	static	UI/Interface	tscn	UI/Interface	Character/Medical/Elements/Burn	Info		info	275854551	"A condition where you have a tissue damage from intense heat or high-voltage electric current.

Causes:
- Fire damage
- Electrical damage

Symptoms:
- Health [-1 unit / 5 sec]

Cures:
- Balm
- Lotion
- Medkit
- IFAK / AFAK"	1250	"Afección en la que se produce un daño tisular debido al calor intenso o a una corriente eléctrica de alto voltaje.

Causas:
- Daños por incendio
- Daños eléctricos

Síntomas:
- Salud [-1 unidad / 5 s]

Curas:
- Bálsamo
- Loción
- Botiquín
- IFAK / AFAK"			
Inventory	Stats	String	0	static	UI/Interface	tscn	UI/Interface	Character/Medical/Elements/Burn	Info		type	275854551	Medical Condition	1252	Afección médica			
Inventory	Stats	String	0	static	UI/Interface	tscn	UI/Interface	Character/Medical/Elements/Frostbite	Info		title	24250462	Frostbite	1254	Congelación			
Inventory	Stats	String	0	static	UI/Interface	tscn	UI/Interface	Character/Medical/Elements/Frostbite	Info		info	24250462	"A condition where you have hypothermia or body part freezes from cold exposure.

Causes: 
- Body temperature [0]

Symptoms:
- Health [-1 unit / 5 sec]

Cures:
- Fire sources
- Sleeping Bag
- Thermal Blanket"	1256	"Condición en la que se sufre hipotermia o se congelan partes del cuerpo por exposición al frío.

Causas: 
- Temperatura corporal [0]

Síntomas:
- Salud [-1 unidad / 5 segundos]

Curas:
- Fuentes de fuego
- Saco de dormir
- Manta térmica"			
Inventory	Stats	String	0	static	UI/Interface	tscn	UI/Interface	Character/Medical/Elements/Frostbite	Info		type	24250462	Medical Condition	1258	Afección médica			
Inventory	Stats	String	0	static	UI/Interface	tscn	UI/Interface	Character/Medical/Elements/Insanity	Info		title	1233339607	Insanity	1260	Locura			
Inventory	Stats	String	0	static	UI/Interface	tscn	UI/Interface	Character/Medical/Elements/Insanity	Info		info	1233339607	"A condition where your sanity breaks and you start having dark thoughts.

Causes: 
- Mental [0]

Symptoms:
- Health [-1 unit / 10 sec]

Cures:
- Consumables
- Sleeping
- Fire sources
- Instruments"	1262	"Una afección en la que pierdes la cordura y empiezas a tener pensamientos oscuros.

Causas: 
- Mental [0]

Síntomas:
- Salud [-1 unidad / 10 s]

Curas:
- Consumibles
- Dormir
- Fuentes de fuego
- Instrumentos"			
Inventory	Stats	String	0	static	UI/Interface	tscn	UI/Interface	Character/Medical/Elements/Insanity	Info		type	1233339607	Medical Condition	1264	Afección médica			
Inventory	Stats	String	0	static	UI/Interface	tscn	UI/Interface	Character/Medical/Elements/Poisoning	Info		title	379297031	Poisoning	1266	Intoxicación			
Inventory	Stats	String	0	static	UI/Interface	tscn	UI/Interface	Character/Medical/Elements/Poisoning	Info		info	379297031	"A condition where toxic substance entered your digestion or lungs.

Causes:
- Chemical damage
- Toxic consumables

Symptoms:
- Health [-1 unit / 2 sec]

Cures:
- Medkit
- AFAK"	1268	"Condición en la que una sustancia tóxica ha entrado en tu sistema digestivo o en tus pulmones.

Causas:
- Daño químico
- Productos tóxicos

Síntomas:
- Salud [-1 unidad / 2 s]

Curas:
- Botiquín
- AFAK"			
Inventory	Stats	String	0	static	UI/Interface	tscn	UI/Interface	Character/Medical/Elements/Poisoning	Info		type	379297031	Medical Condition	1270	Afección médica			
Inventory	Stats	String	0	static	UI/Interface	tscn	UI/Interface	Character/Medical/Elements/Rupture	Info		title	71304217	Rupture	1272	Ruptura			
Inventory	Stats	String	0	static	UI/Interface	tscn	UI/Interface	Character/Medical/Elements/Rupture	Info		info	71304217	"A critical condition where you have a catastrofal bleeding or major internal wound.

Causes: 
- Weapon damage
- Explosion damage

Symptoms:
- Health [-1 unit / 1 sec]

Cures:
- Medkit
- IFAK / AFAK"	1274	"Una condición crítica en la que sufres una hemorragia catastrófica o una herida interna grave.

Causas: 
- Daño por arma
- Daño por explosión

Síntomas:
- Salud [-1 unidad / 1 seg]

Curas:
- Botiquín
- IFAK / AFAK"			
Inventory	Stats	String	0	static	UI/Interface	tscn	UI/Interface	Character/Medical/Elements/Rupture	Info		type	71304217	Medical Condition	1276	Afección médica			
Inventory	Stats	String	0	static	UI/Interface	tscn	UI/Interface	Character/Medical/Elements/Headshot	Info		title	1309688651	Headshot	1278	Foto de rostro			
Inventory	Stats	String	0	static	UI/Interface	tscn	UI/Interface	Character/Medical/Elements/Headshot	Info		info	1309688651	"A critical condition where you have a major head related wound.

Causes: 
- Weapon damage

Symptoms:
- Health [-1 unit / 1 sec]

Cures:
- Medkit
- IFAK / AFAK"	1280	"Una condición crítica en la que se sufre una herida grave en la cabeza.

Causas: 
- Daño por arma

Síntomas:
- Salud [-1 unidad / 1 seg]

Tratamientos:
- Botiquín
- IFAK / AFAK"			
Inventory	Stats	String	0	static	UI/Interface	tscn	UI/Interface	Character/Medical/Elements/Headshot	Info		type	1309688651	Medical Condition	1282	Afección médica			
Inventory	Stats	String	0	static	UI/Interface	tscn	UI/Interface	Character/Stats/Elements/Day	Info		title	1507600508	Day	1284	Día			
Inventory	Stats	String	0	substr									Day	1286	Día			
Inventory	Stats	String	0	static	UI/Interface	tscn	UI/Interface	Character/Stats/Elements/Day	Info		info	1507600508	"Number of Days survived.

New day begins at 00:00 midnight and certain amount of days will unlock new game events.

Upcoming events can be displayed by using the Events tool."	1288	"Número de días sobrevividos.

El nuevo día comienza a las 00:00 de la medianoche y, al acumular una determinada cantidad de días, se desbloquearán nuevos eventos del juego.

Los próximos eventos se pueden consultar mediante la herramienta «Eventos»."			
Inventory	Stats	String	0	static	UI/Interface	tscn	UI/Interface	Character/Stats/Elements/Day	Info		type	1507600508	Progression Stat	1290	Estadísticas de progreso			
Inventory	Stats	String	0	static	UI/Interface	tscn	UI/Interface	Character/Stats/Elements/Shelters	Info		title	821447952	Shelters	1292	Refugios			
Inventory	Stats	String	0	static	UI/Interface	tscn	UI/Interface	Character/Stats/Elements/Shelters	Info		info	821447952	"Number of Shelters unlocked.

Shelters are safe zones for saving your progression and loot. Game world has multiple shelters and these vary in terms of theme, size and customizability.

New game starts with two unlocked Shelters called Cabin and Tent.

Additional Shelters can be unlocked with keys which you acquire by completing Tasks from different Traders."	1294	"Número de refugios desbloqueados.

Los refugios son zonas seguras donde guardar tu progreso y tu botín. El mundo del juego cuenta con múltiples refugios, que varían en cuanto a temática, tamaño y posibilidades de personalización.

Al iniciar una nueva partida, se desbloquean dos refugios: la cabaña y la tienda de campaña.

Se pueden desbloquear refugios adicionales con llaves que se obtienen al completar misiones de diferentes comerciantes."			
Inventory	Stats	String	0	static	UI/Interface	tscn	UI/Interface	Character/Stats/Elements/Shelters	Info		type	821447952	Progression Stat	1296	Estadísticas de progreso			
Inventory	Stats	String	0	static	UI/Interface	tscn	UI/Interface	Character/Stats/Elements/Tasks	Info		title	1384285326	Tasks	1298	Tareas			
Inventory	Stats	String	0	static	UI/Interface	tscn	UI/Interface	Character/Stats/Elements/Tasks	Info		info	1384285326	"Number of Tasks completed.

Tasks are item-based jobs from Traders. Tasks can be interconnected between multiple Traders and might also require non-lootable items with crafting.

Tasks are linked to cheaper trading prices (Trader Tax) and acquiring keys to unlock new Shelters and special rooms."	1300	"Número de tareas completadas.

Las tareas son encargos basados en objetos que te dan los comerciantes. Las tareas pueden estar interrelacionadas entre varios comerciantes y también pueden requerir la fabricación de objetos que no se pueden obtener como botín.

Las tareas están vinculadas a precios de intercambio más bajos (impuesto de comerciante) y a la obtención de llaves para desbloquear nuevos refugios y salas especiales."			
Inventory	Stats	String	0	static	UI/Interface	tscn	UI/Interface	Character/Stats/Elements/Tasks	Info		type	1384285326	Progression Stat	1302	Estadísticas de progreso			
Inventory	Stats	String	0	static	UI/Interface	tscn	UI/Interface	Character/Stats/Elements/Quests	Info		title	1702334479	Quests	1304	Misiones			
Inventory	Stats	String	0	static	UI/Interface	tscn	UI/Interface	Character/Stats/Elements/Quests	Info		info	1702334479	"Number of Quests completed.

Quests are lore-based missions from Traders. Quests can be interconnected between multiple Traders and might require certain events before becoming available."	1306	"Número de misiones completadas.

Las misiones son encargos basados en la historia que te dan los comerciantes. Las misiones pueden estar relacionadas entre sí a través de varios comerciantes y es posible que deban ocurrir ciertos eventos antes de que estén disponibles."			
Inventory	Stats	String	0	static	UI/Interface	tscn	UI/Interface	Character/Stats/Elements/Quests	Info		type	1702334479	Progression Stat	1308	Estadísticas de progreso			
Inventory	Stats	String	0	static	UI/Interface	tscn	UI/Interface	Character/Stats/Elements/CDS	Info		title	2004804582	Civil Defence Shelters	1310	Refugios de defensa civil			
Inventory	Stats	String	0	static	UI/Interface	tscn	UI/Interface	Character/Stats/Elements/CDS	Info		info	2004804582	"Number of CDS completed.

Civil Defence Shelters (CDS) are concrete bunkers and underground areas designed to offer protection against military threats.

After the Area 05 evacuation, these CDS's were overrun and most of the survival gear inside them were stolen.

You can complete a CDS by clearing out the hostile enemies and connecting the CDS emergency broadcasting radio back on."	1312	"Número de refugios de defensa civil completados.

Los refugios de defensa civil (CDS) son búnkeres de hormigón y zonas subterráneas diseñadas para ofrecer protección frente a amenazas militares.

Tras la evacuación de la Zona 05, estos refugios fueron asaltados y la mayor parte del equipo de supervivencia que había en su interior fue robado.

Puedes completar un refugio de defensa civil eliminando a los enemigos hostiles y volviendo a conectar la radio de emergencia del refugio."			
Inventory	Stats	String	0	static	UI/Interface	tscn	UI/Interface	Character/Stats/Elements/CDS	Info		type	2004804582	Progression Stat	1314	Estadísticas de progreso			
Inventory	Stats	String	0	static	UI/Interface	tscn	UI/Interface	Character/Stats/Elements/?	Info		title	1661761957	Silent Night	1316	Noche de paz			
Inventory	Stats	String	0	static	UI/Interface	tscn	UI/Interface	Character/Stats/Elements/?	Info		info	1661761957	"There will be a silent night when all fades away.

When you look up, you see the North Star, your only light in the darkness.

This light reminds you of home, a place where you came from and where you will return.

You feel safe, a peaceful moment that feels like the ending you wanted.

Then your last light disappears, the sky turns red and the silence breaks."	1318	"Habrá una noche silenciosa en la que todo se desvanecerá.

Cuando levantas la vista, ves la Estrella Polar, tu única luz en la oscuridad.

Esta luz te recuerda a tu hogar, el lugar del que vienes y al que volverás.

Te sientes a salvo, un momento de paz que parece el final que deseabas.

Entonces, tu última luz se desvanece, el cielo se tiñe de rojo y el silencio se rompe."			
Inventory	Trader	String	0	static	UI/Interface	tscn	UI/Interface	Character/Stats/Elements/?	Info		type	1661761957	Special Event	1320	Evento especial			
Inventory	Trader	String	0	static	UI/Interface	tscn	UI/Interface	Supply/Header/Value	Info		title	1910765267	Supply Value	1322	Valor de suministro			
Inventory	Trader	String	0	static	UI/Interface	tscn	UI/Interface	Supply/Header/Value	Info		info	1910765267	A price value (€) of all supply items.	1324	El valor del precio (€) de todos los artículos del suministro.			
Inventory	Trader	String	0	static	UI/Interface	tscn	UI/Interface	Supply/Header/Value	Info		type	1910765267	Trader Stat	1326	Estadísticas del operador			
Inventory	Trader	String	0	static	UI/Interface	tscn	UI/Interface	Trader/Panel	Info		info	844527464	"A friendly NPC with trading supply, tasks and specialized services.

Name: Commonly known name among locals.
Tax: Price multiplier for supply items.
Tasks: Number of completed tasks.
Resupply: Time when supply resets."	1328	"Un PNJ amistoso que ofrece suministros, misiones y servicios especializados.

Nombre: Nombre con el que lo conocen los lugareños.
Impuesto: Multiplicador del precio de los artículos de suministro.
Misiones: Número de misiones completadas.
Reabastecimiento: Hora a la que se repone el suministro."			
Inventory	Trader	String	0	static	UI/Interface	tscn	UI/Interface	Trader/Panel	Info		type	844527464	Trader Info	1330	Información del operador			
Inventory	Trader	String	0	static	UI/Interface	tscn	UI/Interface	Deal/Panel	Info		title	1021981031	Deal	1332	Oferta			
Inventory	Trader	String	0	static	UI/Interface	tscn	UI/Interface	Deal/Panel	Info		info	1021981031	"A deal balance meter which compares selected item values.

Requsted Value (€) is calculated from selected Supply items with Tax added.

Offer Value (€) is calculated from selected Inventory items.

Deal can be accepted when Deal Meter is within green area which means Offer Value matches or proceeds Request Value + Tax."	1334	"Un indicador de equilibrio de la operación que compara los valores de los artículos seleccionados.

El valor solicitado (€) se calcula a partir de los artículos de suministro seleccionados, con el impuesto incluido.

El valor de la oferta (€) se calcula a partir de los artículos de inventario seleccionados.

La operación se puede aceptar cuando el indicador de equilibrio se encuentra dentro de la zona verde, lo que significa que el valor de la oferta iguala o supera el valor solicitado más el impuesto."			
Inventory	Trader	String	0	static	UI/Interface	tscn	UI/Interface	Deal/Panel	Info		type	1021981031	Deal Meter	1336	Medidor de ofertas			
