WHERE	SUB	KIND	untranslatable	method	filename	filetype	location	parent	name	type	property	unique_id	text	identifier	translation	DESCRIPTION	Comments	max_length
Main_Menu	/	Game Title	0	ignore									Road to Vostok			Subtitle(?) of the Game, that Displayed on Main Menu		
Main_Menu	/	Game Subtitle	0	ignore	Scenes/Menu	tscn	Scenes/Menu	Main	Title	Label	text	1369510248	Early Access			Subtitle(?) of the Game, that Displayed on Main Menu		
Main_Menu	Compatibility		0	static	Scenes/Menu	tscn	Scenes/Menu	.	Compatibility	Label	text	727651195	Compatibility	2030	互換性	Text that notice user is running the game as 'Compatibility Mode'		
Main_Menu	Compatibility		0	substr									Compatibility	2032	互換性			
Main_Menu	Compatibility		0	ignore	Scripts/Settings	gd			AOOff.text	literal		166	Compatibility					
Main_Menu	Compatibility		0	ignore	Scripts/Settings	gd			AOOn.text	literal		167	Compatibility					
Main_Menu	Main Button	Button	0	literal	Scenes/Menu	tscn	Scenes/Menu	Main/Buttons	New	Button	text	593764434	New game	2034	新作ゲーム			
Main_Menu	Main Button	Button	0	literal	Scenes/Menu	tscn	Scenes/Menu	Main/Buttons	Load	Button	text	731048714	Load game	2036	ゲームを読み込む			
Main_Menu	Main Button	Button	0	literal	Scenes/Menu	tscn	Scenes/Menu	Main/Buttons	Tutorial	Button	text	462892253	Tutorial	2038	チュートリアル			
Main_Menu	Main Button	Button	0	literal	Scenes/Menu	tscn	Scenes/Menu	Main/Buttons	Settings	Button	text	363940271	"Settings
"	2040	設定			
Main_Menu	Main Button	Button	0	literal	Scenes/Menu	tscn	Scenes/Menu	Main/Buttons	Roadmap	Button	text	768378158	"Roadmap
"	2042	ロードマップ			
Main_Menu	Main Button	Button	0	literal	Scenes/Menu	tscn	Scenes/Menu	Main/Buttons	About	Button	text	1342929674	"About
"	2044	概要			
Main_Menu	Main Button	Button	0	literal	Scenes/Menu	tscn	Scenes/Menu	Main/Buttons	Quit	Button	text	1206295517	"Quit
"	2046	終了			
Main_Menu	ChangeLog	UI Title	0	literal	Scenes/Menu	tscn	Scenes/Menu	Log	Header	Label	text	346683200	Changelog	2048	変更履歴			
Main_Menu	ChangeLog	Button	0	literal	Scenes/Menu	tscn	Scenes/Menu	Log/Buttons	Log_Off	Button	text	110288235	"Off
"	2050	オフ			
Main_Menu	ChangeLog	Button	0	literal	Scenes/Menu	tscn	Scenes/Menu	Log/Buttons	Log_On	Button	text	1072724058	"On
"	2052	について			
Main_Menu	Hardware Check	UI Title	0	literal	Scenes/Menu	tscn	Scenes/Menu	Hardware	Header	Label	text	698499361	Hardware Check	2054	ハードウェアの確認			
Main_Menu	Hardware Check	Button	0	literal	Scenes/Menu	tscn	Scenes/Menu	Hardware/Buttons	HW_Off	Button	text	968786773	"Off
"	2056	オフ			
Main_Menu	Hardware Check	Button	0	literal	Scenes/Menu	tscn	Scenes/Menu	Hardware/Buttons	HW_On	Button	text	2039876731	"On
"	2058	について			
Main_Menu	Watch Intro	UI Title	0	literal	Scenes/Menu	tscn	Scenes/Menu	Intro	Header	Label	text	1070243629	Watch Intro	2060	イントロを見る			
Main_Menu	Watch Intro	Button	0	literal	Scenes/Menu	tscn	Scenes/Menu	Intro/Buttons	Intro_Off	Button	text	1424495460	"Off
"	2062	オフ			
Main_Menu	Watch Intro	Button	0	literal	Scenes/Menu	tscn	Scenes/Menu	Intro/Buttons	Intro_On	Button	text	685964068	"On
"	2064	について			
Main_Menu	Menu Music	UI Title	0	literal	Scenes/Menu	tscn	Scenes/Menu	Music	Header	Label	text	1387396245	Menu Music	2066	メニュー 音楽			
Main_Menu	Menu Music	Button	0	literal	Scenes/Menu	tscn	Scenes/Menu	Music/Buttons	Music_Off	Button	text	560697430	"Off
"	2068	オフ			
Main_Menu	Menu Music	Button	0	literal	Scenes/Menu	tscn	Scenes/Menu	Music/Buttons	Music_On	Button	text	676969840	"On
"	2070	について			
Main_Menu	Bottom	String	0	literal	Scenes/Menu	tscn	Scenes/Menu	.	Copyright	Label	text	1615618777	Road to Vostok ® is registered trademark of Road to Vostok Ltd. All rights reserved © 2026	2072	「Road to Vostok ®」はRoad to Vostok Ltd.の登録商標です。無断転載を禁じます © 2026			
Main_Menu	Bottom	String	0	literal	Scenes/Menu	tscn	Scenes/Menu	.	Version	Label	text	982652429	Version: 0.1.1.3	2074	バージョン: 0.1.1.3	"Will not use pattern matching. 
It will act as the ""canaria (bird)"" for the outdated translation."		
Main_Menu	ChangeLog	UI_Label	0	literal	Scenes/Menu	tscn	Scenes/Menu	Changelog/Header	Label	Label	text	618671450	Changelog	2076	変更履歴			
Main_Menu	ChangeLog	Scrollable String	0	literal	Scenes/Menu	tscn	Scenes/Menu	Changelog/Panel/Margin/Scroll	Content	Label	text	881677409	"Following changes were made from:
Early Access [0.1.0.0] -> Early Access [0.1.1.3]
----------------------------------------
Build name: Road - Build 1
Build version: 0.1.1.3
Build type: Release
----------------------------------------
Hotfix [0.1.1.3]
[FIXED] Context actions could cause death when closing Interface at the same frame (Context Use)
[FIXED] Context actions could corrupt items when closing Interface at the same frame (Context Unload)
[FIXED] Context actions could corrupt furniture when closing Interface at the same frame (Context Place)
----------------------------------------
[ADDED] Compatibility launch option for hardware issues
[ADDED] Increased buffer memory for GPU stalls/timeouts
[ADDED] CPU-load distribution when loading into a map
[ADDED] Engine version switched to Godot 4.6.2 for stability
[ADDED] Added SMAA anti-aliasing option (Settings)
[ADDED] Reworked image sharpness shader for stability (Settings)
[ADDED] Furniture destroy uses safeguard (LMB hold) for misclicks
[ADDED] Airdrops use green chemlights for night time visibility
[ADDED] Airdrops now support variable loot tables [x3]
[ADDED] Punisher now support variable loot tables [x3]
[ADDED] Punisher loot tables improved with more items
[ADDED] Killed AI corpse loot possibility increased [25%->75%]
[ADDED] Additional industrial loot spawns [Oil Filter]
[ADDED] Terminal has more special crates and loot spawns
[ADDED] Special crates can also spawn Legendary items
[ADDED] New item: Chewing Gum
----------------------------------------
[FIXED] Flickering lights/shadows in shelters and trader areas
[FIXED] Active context menu could freeze when closing the Interface
[FIXED] Frozen context menu could lead to corrupted/floating items
[FIXED] Shelter item return while using items could cause death
[FIXED] Cartridges during ammo check were glowing in low lighting
[FIXED] AI could navigate/attack through airdrop colliders
[FIXED] AI could navigate/attack through heli crash colliders
[FIXED] AI could get stuck on heli crash colliders
[FIXED] Blocked Highway tunnel could be exploited without a key
[FIXED] Darkness/Ironman random spawn teleported to transition (School/Highway)
[FIXED] AI firing accuracy inconsistency and miscalculations
[FIXED] Controller could get stuck on Village building (toilet door)
[FIXED] Controller could get stuck on Village tractor (barn)
[FIXED] Controller could get stuck on Village garage (cardboard boxes)
[FIXED] Controller could get stuck on School building (trader table)
[FIXED] Controller could get stuck on School building (multiple chairs)
[FIXED] Controller could get stuck on Highway market (shelf gaps)
[FIXED] Controller could get stuck on Highway market (shopping carts)
[FIXED] Controller could get stuck on Apartments staircases (corpse head)
[FIXED] Controller could get stuck on Terminal ramps (trainyard area)
[FIXED] Military BTR could stuck driving in circles at fast speed
[FIXED] Improvised splint didn't heal Fracture condition
[FIXED] Doctor sold own task items [Antiseptic]
[FIXED] Gunsmith sold own task items [Skrama 200]
[FIXED] MSAA 8x option didn't save to preferences
[FIXED] Tutorial crates didn't contain M78 magazines
----------------------------------------
[CHANGED] Critical medical condition [Rupture] possibility lowered [5%->3%]
[CHANGED] Critical medical condition [Headshot] possibility lowered [5%->3%]
[CHANGED] Character hydration decrease speed slowed by [10%]
[CHANGED] Character mental decrease speed slowed by [10%]
[CHANGED] Cat vital decrease speed slowed by [20%]
[CHANGED] Cat meows and makes noises less often
[CHANGED] Trader (Start/End/Idle) voices activate less often
[CHANGED] Render resolution options changed to Low/Native (less confusion)
[CHANGED] Fallen items drop front of the player vs. inventory (Shelter)
----------------------------------------
[REMOVED] All third-party/obsolete AMD FSR references for stability
----------------------------------------"	2078	"以下の変更が実施されました：
早期アクセス [0.1.0.0] → 早期アクセス [0.1.1.3]
----------------------------------------
ビルド名: Road - Build 1
ビルドバージョン: 0.1.1.3
ビルドタイプ: リリース
----------------------------------------
ホットフィックス [0.1.1.3]
[修正] コンテキストアクションの実行中にインターフェースを閉じた場合、死亡することがあった問題を修正 (コンテキスト使用)
[修正] 同じフレームでインターフェースを閉じた際、コンテキストアクションによりアイテムが破損する問題 (コンテキストアンロード)
[修正] 同じフレームでインターフェースを閉じた際、コンテキストアクションにより家具が破損する問題 (コンテキスト配置)
----------------------------------------
[追加] ハードウェアの問題に対する互換性起動オプション
[追加] GPUのストール/タイムアウトに対するバッファメモリの増量
[追加] マップ読み込み時のCPU負荷分散
[追加] 安定性向上のため、エンジンバージョンをGodot 4.6.2に変更
[追加] SMAAアンチエイリアシングオプションを追加（設定）
[追加] 安定性向上のため、画像シャープネスシェーダーを再実装 (設定)
[追加] 家具の破壊時に誤クリック防止のためセーフガード（左クリック長押し）を導入
[追加] 夜間でも視認できるよう、エアドロップに緑色のケミライトを使用
[追加] エアドロップが可変戦利品テーブルに対応 [x3]
[追加] パニッシャーが可変戦利品テーブルに対応 [x3]
[追加] パニッシャーの戦利品テーブルを改善し、アイテム数を増加
[追加] 倒したAIの死体からアイテムを入手できる確率を増加 [25%→75%]
[追加] 工業系アイテムのスポーンを追加 [オイルフィルター]
[追加] ターミナルに特殊なクレートとアイテムのスポーンを追加
[追加] 特殊なクレートからレジェンダリーアイテムも入手可能に
[追加] 新アイテム：チューインガム
----------------------------------------
[修正] シェルターおよびトレーダーエリアでの光や影のちらつき
[修正] インターフェースを閉じる際に、アクティブなコンテキストメニューがフリーズすることがあった
[修正] コンテキストメニューがフリーズすると、アイテムが破損したり浮いたりすることがあった
[修正] アイテム使用中にシェルターのアイテムが戻り、死亡する原因となることがあった
[修正] 弾薬チェック時に、暗い場所ではカートリッジが光っていた
[修正] AIがエアドロップのコライダーを通り抜けて移動・攻撃することがあった
[修正] AIがヘリ墜落現場のコライダーを通り抜けて移動・攻撃することがあった
[修正] AIがヘリ墜落現場のコライダーに引っかかって動けなくなることがあった
[修正] 鍵なしで封鎖された高速道路のトンネルを不正利用できた
[修正] ダークネス／アイアンマンモードのランダムスポーンがトランジション（学校／高速道路）にテレポートしていた
[修正] AIの射撃精度の不一致および計算ミス
[修正] コントローラーが村の建物（トイレのドア）に引っかかっていた
[修正] コントローラーが村のトラクター (納屋)
[修正済み] コントローラーが村のガレージ（段ボール箱）に引っかかることがある
[修正済み] コントローラーが学校の建物（商人のテーブル）に引っかかることがある
[修正済み] コントローラーが学校の建物（複数の椅子）に引っかかることがある
[修正済み] コントローラーがハイウェイの市場（棚の隙間）に引っかかることがある
[修正済み] コントローラーがハイウェイの市場（ショッピングカート）に引っかかることがある
[修正済み] アパートの階段でコントローラーが動かなくなることがあった（死体の頭）
[修正済み] ターミナルのスロープでコントローラーが動かなくなることがあった（車両基地エリア）
[修正済み] 軍用BTRが高速で円を描くように走り続けることがあった
[修正済み] 即席の副木で骨折状態が治癒しなかった
[修正済み] 医師が自身のクエストアイテム [消毒薬] を販売していた
[修正] 銃器職人が自身のタスクアイテム [Skrama 200] を販売していた
[修正] MSAA 8x オプションが設定に保存されなかった
[修正] チュートリアルの木箱に M78 のマガジンが入っていなかった
----------------------------------------
[変更] 重篤な状態 [破裂] の発生確率を低下 [5%→3%]
[変更] 重篤な状態 [ヘッドショット] の発生確率を低下 [5%→3%]
[変更] キャラクターの脱水速度を [10%] 低下
[変更] キャラクターの精神力減少速度を [10%] 低下
[変更] 猫のバイタル減少速度を [20%] 遅くしました
[変更] 猫の鳴き声や物音がする頻度を減らしました
[変更] トレーダー（開始/終了/待機）のボイスが再生される頻度を減らしました
[変更] レンダリング解像度のオプションを「Low/Native」に変更しました（混乱を軽減するため）
[変更] ドロップアイテムがインベントリではなくプレイヤーの正面に落ちるように変更しました（シェルター内）
----------------------------------------
[削除] 安定性向上のため、すべてのサードパーティ製および廃止されたAMD FSR関連の参照を削除
----------------------------------------"			
Main_Menu	ChangeLog	Scrollable String	0	literal	Scenes/Menu	tscn	Scenes/Menu	Changelog/Panel/Margin/Scroll	Content	Label	text		"Following changes were made from:
Demo [0.0.1.0] -> Early Access [0.1.0.0]
----------------------------------------
Build name: Road - Build 1
Build version: 0.1.0.0
Build type: Release
----------------------------------------
[ADDED] Event system
[ADDED] Multi-shelter support
[ADDED] Keys and locked doors
[ADDED] PIP-scopes and scope options
[ADDED] Native DirectX support
[ADDED] Native shader caching
[ADDED] Tools UI (Interface)
[ADDED] Event calendar (Tools)
[ADDED] Crafting menu (Tools)
[ADDED] Task notes (Tools)
[ADDED] World map (Tools)
[ADDED] Casette player (Tools)
[ADDED] New game mode: Darkness
[ADDED] New game mode: Ironman
[ADDED] New map: School (Area 05)
[ADDED] New map: Highway (Area 05)
[ADDED] New map: Outpost (Area 05)
[ADDED] New map: Terminal (Vostok)
[ADDED] New shelter: Attic
[ADDED] New shelter: Bunker
[ADDED] New shelter: Tent
[ADDED] New shelter: Classroom
[ADDED] New trader: Doctor
[ADDED] New trader: Gunsmith
[ADDED] New boss: Punisher
[ADDED] New character: Cat
[ADDED] New event: Trader Return
[ADDED] New event: Fighter Jets
[ADDED] New event: Missing Cat
[ADDED] New event: Bandit Boss
[ADDED] New event: Airdrops
[ADDED] New event: BTR
[ADDED] New event: Attack Helicopters
[ADDED] New event: Crash Sites
[ADDED] New event: Outpost Compromised
[ADDED] New event: Trader Escape
[ADDED] New event: Transmission
[ADDED] New task: Prime Time
[ADDED] New task: Coffee Reserve
[ADDED] New task: Sweaty Business
[ADDED] New task: Homemade
[ADDED] New task: Nasty Draft
[ADDED] New task: Steady Hands
[ADDED] New task: Bookworm
[ADDED] New task: Dice Master
[ADDED] New task: Night Surgery
[ADDED] New task: Infections
[ADDED] New task: Hypovolemia
[ADDED] New task: Mouth Organ
[ADDED] New task: Patient Report
[ADDED] New task: Substance
[ADDED] New task: Bloodsuckers
[ADDED] New task: Warm Meal
[ADDED] New task: Nordic Trade
[ADDED] New task: Big Blades
[ADDED] New task: Ammo Delivery
[ADDED] New task: Weapon Delivery
[ADDED] New task: Medic
[ADDED] New task: Home Collection
[ADDED] New task: Everyman's Rights
[ADDED] New task: Hitman
[ADDED] New weapon: RK-62
[ADDED] New weapon: RK-62M
[ADDED] New weapon: M4A1
[ADDED] New weapon: K416
[ADDED] New weapon: P3
[ADDED] New attachment: AN-15
[ADDED] New item: KAR-21 Barrel
[ADDED] New item: Flame Beanie
[ADDED] New item: M62 Cap
[ADDED] New item: Water Bottle
[ADDED] New item: AFAK
[ADDED] New item: Thermal Blanket
[ADDED] New item: Saline
[ADDED] New item: Antiseptic
[ADDED] New item: Wipes
[ADDED] New item: Tissues
[ADDED] New item: Deodorant
[ADDED] New item: Map
[ADDED] New item: Map (Tactical)
[ADDED] New item: Weapon Repair Kit
[ADDED] New item: Tackle Box
[ADDED] New item: Oil Filter
[ADDED] New item: Coffee Filters
[ADDED] New item: Water Lock
[ADDED] New item: Lumber
[ADDED] New item: Pillow
[ADDED] New item: Blanket
[ADDED] New item: Sticks
[ADDED] New item: Rags
[ADDED] New item: Casette (OST)
[ADDED] New item: Casette (Electrofolk)
[ADDED] New item: Casette (Symphony)
[ADDED] New item: Casette (Radio Hits)
[ADDED] New item: Attic Key
[ADDED] New item: Bunker Key
[ADDED] New item: Classroom Key
[ADDED] New item: Cellar Key
[ADDED] New item: Gymnasium Key
[ADDED] New item: Tunnel Key
[ADDED] New furniture: Pallet
[ADDED] New furniture: Television
[ADDED] New furniture: Metal Shelf
[ADDED] New furniture: Target Stand
[ADDED] New furniture: Sign (Border Zone)
[ADDED] New furniture: Poster (Posture)
[ADDED] New furniture: Trolley (Small)
[ADDED] New furniture: Trolley (Tall)
[ADDED] New furniture: Chair (School)
[ADDED] New furniture: Cabinet (Office)
[ADDED] New furniture: Desk (Office)
[ADDED] New recipe: Energy Drink
[ADDED] New recipe: Brewed Coffee
[ADDED] New recipe: Cooked Pea Soup
[ADDED] New recipe: Cooked Tomato Soup
[ADDED] New recipe: Cooked Fish Soup
[ADDED] New recipe: Cooked Meatballs
[ADDED] New recipe: Kompot
[ADDED] New recipe: Kilju
[ADDED] New recipe: Improvised Bandage
[ADDED] New recipe: Improvised Tourniquet
[ADDED] New recipe: Improvised Splint
[ADDED] New recipe: Weapon Repair
[ADDED] New recipe: KAR-21 Upgrade
[ADDED] New recipe: Cooking Station
[ADDED] New recipe: Civilian Bed
[ADDED] New recipe: Nomad Bed
[ADDED] Lore-based game intro when starting a new game
[ADDED] High-DPI font rendering for 4K/Retina displays
[ADDED] Extra map border areas to prevent seeing visible map edges
[ADDED] Different traders have varying base tax levels [100-300%]
[ADDED] Firing weapons will reduce weapon condition over time
[ADDED] Low weapon condition can now cause malfunctions
[ADDED] Weapons can be repaired with Weapon Repair Kit (Crafting)
[ADDED] Modular magazine support (STANAG) for M4A1 / KM18 / K416
[ADDED] Modular magazine support (RK) for RK-95 / RK-62 / RK-62M
[ADDED] AI Hotspots where AI will react to events like Airdrops
[ADDED] AI can now patrol in Apartment rooms (not just staircases)
[ADDED] AI Helicopter can now fire rockets at certain scenarios
[ADDED] AI death sounds will end immediately with ""out of misery"" headshot
[ADDED] Mines now use runtime spawning and are randomly spawned for each map instance
[ADDED] Mines can now spawn also directly to map border and slightly beyond
[ADDED] Liquid-based items can now freeze (Winter)
[ADDED] Going into water boosts item freezing (Winter)
[ADDED] Frozen items can be melted with heat sources or shelters (Winter)
[ADDED] Traders don't accept malfunctioned or frozen items
[ADDED] Crafting recipes don't accept malfunctioned or frozen items
[ADDED] Playing music instruments slowly increases Mental over time
[ADDED] Sleeping now consumes both energy and hydration [-20]
[ADDED] Sleeping now increases mental [+20]
[ADDED] Sleeping bags increases Body Temp [+50]
[ADDED] Blankets, Pillows and Melatonin can now also be used for sleeping
[ADDED] Using sleeping items other than sleeping bags outside decreases Body Temp [-100] (Winter)
[ADDED] Outdoor fire sources like firepots can be used for heat based crafting
[ADDED] Crafting supports reusable tools which are not consumed by recipes
[ADDED] Separated tutorial tasks which also cover crafting and furniture items
[ADDED] Furnitures now supports stacking and placing furniture on top each other
[ADDED] Furnitures now supports magnet mode (Surface Magnet) for snapping to surfaces
[ADDED] Loot simulations and containers can now use ""Industrial"" spawn types and locations
[ADDED] Radio audio is now using high-pass filter and more distorted sound
[ADDED] Changelog and hardware check buttons are added to the main menu
[ADDED] 3D door handles and interaction handle animations
[ADDED] If player falls through terrain, fallback system returns player back to the game world
[ADDED] If item falls through terrain, fallback system prevents item taking CPU resources
[ADDED] If item falls through shelter, fallback system spawns item directly to inventory
----------------------------------------
[FIXED] Ammo check UI frozed when going into water while performing ammo check
[FIXED] Matches value calculation was not amount-based and could be exploited
[FIXED] Reloading while loading ammo could cause ammo duplication and exceed ammo limits
[FIXED] Full item stacks could cause duplication when using fast transfer
[FIXED] Full item stacks could cause duplication when using context transfer
[FIXED] Swithing from Trader Tasks to Supply during item delivery kept items selected
[FIXED] Double clicking Trader Tasks during item delivery kept items selected
[FIXED] Tetris-grids could cause ghost items and errors at certain screen resolutions
[FIXED] Simulation time could get stuck 00:00 on certain hardware during loading
[FIXED] Simulation season could reset from winter to summer on certain hardware during loading
[FIXED] Equipping weapon directly after grenade throw unequipped the weapon
[FIXED] Equipping weapon directly after grenade throw could hide the magazine
[FIXED] Interface context menu size didn't reset horizontally between items
[FIXED] Player controller could get stuck on Apartments bathtubs
[FIXED] AI pathfinding could get stuck in multi-floor buildings (Apartments)
[FIXED] AI pathfinding could clip through staircases (Apartments)
[FIXED] AI backpacks didn't render at far distances (+100m)
[FIXED] Weapon audio had distortions / clipping when using full-auto
[FIXED] Ambient volume didn't affect dynamic ambient SFX
[FIXED] Summer dynamic ambient SFX could activate on Winter (like mosquitos)
[FIXED] Auto-stack SFX could trigger when using fast transfer with already max stacks
[FIXED] Windowed mode scaling didn't work reliably on single-monitor setups
[FIXED] Selecter monitor could switch during loading screens on multi-monitor setups
[FIXED] Shelter saving allowed corrupted item positions which caused light flickering
[FIXED] Multiple HUD messages at the same time overlapped each other
[FIXED] Generalist trader lights caused artifacts and leaked outdoor
[FIXED] Shelter saving allowed corrupted item positions which caused light flickering
[FIXED] Campfire and fire elements clipped though firepots and fire barrels
[FIXED] Fire VFX dind't render through Non-PIP scopes
[FIXED] Tree billboard inconsistencies and exposure levels
[FIXED] Environment fog was slightly visible inside shelters
[FIXED] Bullet decals were unstable, flickered and disappeared beyond 25m
[FIXED] Shooting a scaled nature elements like rocks also scaled to bullet decals
[FIXED] Generalist trader lights caused artifacts and leaked through a wall
[FIXED] Multiple HUD messages at the same time overlapped each other
[FIXED] Multiple ALT-TAB issues where game might not response
[FIXED] Windowed mode scaling didn't work reliably on single-monitor setups
[FIXED] Selecter monitor could switch during loading screens on multi-monitor setups
----------------------------------------
[CHANGED] Common and Uncommon rarity levels are now merged to Common
[CHANGED] Legendary item spawn changes changed from 1% to 0.1%
[CHANGED] Armor plates will now spawn always at full item conditions
[CHANGED] Random sleep time changed from 4-8 to 6-12
[CHANGED] Lasers can only be attached to weapons with suitable side/top rails
[CHANGED] Guards can now also use M4A1 as their default weapon
[CHANGED] All project and save files now exists directly in AppData/Roaming/[GameName]
[CHANGED] All exe.files and builds use industry-standard versioning (e.g 0.1.0.0)
[CHANGED] Certain weapon and attachment names are switched to use pseudo-names
[CHANGED] Weapon audio uses more realistic tail / echo volumes after firing
[CHANGED] Multiple changes for AI weapon audio to improve directional and flyby audio
[CHANGED] Candles no longer cause Burn medical condition when walked on
[CHANGED] Helicopter model type changed from Mi-8 to Mi-24 (Hind)"	2080	"以下の変更が実施されました：
デモ版 [0.0.1.0] → 早期アクセス版 [0.1.0.0]
----------------------------------------
ビルド名：Road - Build 1
ビルドバージョン：0.1.0.0
ビルドタイプ：リリース
----------------------------------------
[追加] イベントシステム
[追加] 複数シェルターのサポート
[追加] 鍵と施錠されたドア
[追加] PIPスコープとスコープオプション
[追加] ネイティブDirectXサポート
[追加] ネイティブシェーダーキャッシュ
[追加] ツールUI（インターフェース）
[追加] イベントカレンダー（ツール）
[追加] クラフトメニュー（ツール）
[追加] タスクノート（ツール）
[追加] ワールドマップ（ツール）
[追加] カセットプレーヤー（ツール）
[追加] 新しいゲームモード：ダークネス
[追加] 新しいゲームモード：アイアンマン
[追加] 新しいマップ：学校（エリア05）
[追加] 新しいマップ：ハイウェイ（エリア05）
[追加] 新しいマップ：前哨基地（エリア05）
[追加] 新しいマップ：ターミナル（ヴォストーク）
[追加] 新しいシェルター：屋根裏部屋
[追加] 新しいシェルター：バンカー
[追加] 新しいシェルター：テント
[追加] 新しいシェルター：教室
[追加] 新しい商人：ドクター
[追加] 新しい商人：ガンスミス
[追加] 新しいボス：パニッシャー
[追加] 新しいキャラクター：キャット
[追加] 新しいイベント：商人の帰還
[追加] 新しいイベント：戦闘機
[追加] 新しいイベント：行方不明のキャット
[追加] 新しいイベント：バンディットボス
[追加] 新しいイベント：エアドロップ
[追加] 新しいイベント：BTR
[追加] 新しいイベント：攻撃ヘリコプター
[追加] 新しいイベント：墜落現場
[追加] 新しいイベント：前哨基地の陥落
[追加] 新しいイベント：商人の脱出
[追加] 新しいイベント：通信
[追加] 新しいタスク：プライムタイム
[追加] 新しいタスク：コーヒー・リザーブ
[追加] 新しいタスク：汗だくのビジネス
[追加] 新しいタスク：自家製
[追加] 新しいタスク：嫌な下り
[追加] 新しいタスク：安定した手
[追加] 新しいタスク：読書家
[追加] 新しいタスク：ダイスの達人
[追加] 新しいタスク：ナイト・サージェリー
[追加] 新しいタスク：感染症
[追加] 新しいタスク：低血容量症
[追加] 新しいタスク：ハーモニカ
[追加] 新しいタスク：患者レポート
[追加] 新しいタスク：物質
[追加] 新しいタスク：吸血鬼
[追加] 新しいタスク：温かい食事
[追加] 新しいタスク：北欧貿易
[追加] 新しいタスク：ビッグブレード
[追加] 新しいタスク：弾薬の配達
[追加] 新しいタスク：武器の配達
[追加] 新しいタスク：メディック
[追加] 新しいタスク：ホームコレクション
[追加] 新しいタスク：万人の権利
[追加] 新しいタスク：ヒットマン
[追加] 新しい武器：RK-62
[追加] 新しい武器：RK-62M
[追加] 新しい武器：M4A1
[追加] 新しい武器：K416
[追加] 新しい武器：P3
[追加] 新しいアタッチメント：AN-15
[追加] 新しいアイテム：KAR-21 バレル
[追加] 新規アイテム：フレイムビーニー
[追加] 新規アイテム：M62キャップ
[追加] 新規アイテム：ウォーターボトル
[追加] 新規アイテム：AFAK
[追加] 新規アイテム：サーマルブランケット
[追加] 新規アイテム：生理食塩水
[追加] 新規アイテム：消毒液
[追加] 新規アイテム：ウェットティッシュ
[追加] 新アイテム：ティッシュ
[追加] 新アイテム：デオドラント
[追加] 新アイテム：地図
[追加] 新アイテム：地図（戦術用）
[追加] 新アイテム：武器修理キット
[追加] 新アイテム：タックルボックス
[追加] 新アイテム：オイルフィルター
[追加] 新規アイテム：コーヒーフィルター
[追加] 新規アイテム：ウォーターロック
[追加] 新規アイテム：木材
[追加] 新規アイテム：枕
[追加] 新規アイテム：毛布
[追加] 新規アイテム：棒
[追加] 新規アイテム：ぼろ布
[追加] 新規アイテム：カセット（OST）
[追加] 新規アイテム：カセット（エレクトロフォーク）
[追加] 新規アイテム：カセット（シンフォニー）
[追加] 新規アイテム：カセット（ラジオヒット）
[追加] 新規アイテム：屋根裏部屋の鍵
[追加] 新規アイテム：バンカーの鍵
[追加] 新規アイテム：教室の鍵
[追加] 新規アイテム：地下室の鍵
[追加] 新規アイテム：体育館の鍵
[追加] 新規アイテム：トンネルの鍵
[追加] 新規家具：パレット
[追加] 新規家具：テレビ
[追加] 新規家具：金属製棚
[追加] 新規家具：的スタンド
[追加] 新規家具：看板（境界地帯）
[追加] 新しい家具：ポスター（姿勢）
[追加] 新しい家具：トロリー（小型）
[追加] 新しい家具：トロリー（大型）
[追加] 新しい家具：椅子（学校用）
[追加] 新しい家具：キャビネット（オフィス用）
[追加] 新しい家具：デスク（オフィス用）
[追加] 新しいレシピ：エナジードリンク
[追加] 新しいレシピ：淹れたてコーヒー
[追加] 新しいレシピ：茹でたエンドウ豆のスープ
[追加] 新しいレシピ：茹でたトマトのスープ
[追加] 新しいレシピ：茹でた魚のスープ
[追加] 新しいレシピ：茹でたミートボール
[追加] 新しいレシピ：コンポト
[追加] 新しいレシピ：キルジュ
[追加] 新しいレシピ：即席包帯
[追加] 新しいレシピ：即席止血帯
[追加] 新しいレシピ：即席副子
[追加] 新しいレシピ：武器の修理
[追加] 新しいレシピ：KAR-21のアップグレード
[追加] 新しいレシピ：調理台
[追加] 新しいレシピ：民間人用ベッド
[追加] 新しいレシピ：遊牧民用ベッド
[追加] 新規ゲーム開始時の世界観に基づいたイントロ
[追加] 4K/Retinaディスプレイ向け高DPIフォントレンダリング
[追加] マップの端が見えないようにするための余白領域の追加
[追加] 商人ごとに異なる基本税率 [100-300%]
[追加] 武器の発砲により、時間の経過とともに武器の状態が低下する
[追加] 武器の状態が低いと、故障を引き起こすようになった
[追加] 武器修理キット（クラフト）で武器を修理できるようになった
[追加] M4A1 / KM18 / K416 へのモジュラーマガジン（STANAG）対応
[追加] RK-95 / RK-62 / RK-62M 用のモジュラーマガジン対応 (RK)
[追加] エアードロップなどのイベントに AI が反応するホットスポット
[追加] AI がアパートの部屋内（階段だけでなく）をパトロールできるようになりました
[追加] 特定の状況下で AI ヘリコプターがロケット弾を発射できるようになりました
[追加] 「即死」ヘッドショットでAIの死亡音が即座に終了するようになりました
[追加] 地雷はランタイム生成となり、マップインスタンスごとにランダムに生成されるようになりました
[追加] 地雷はマップの境界線上やその少し外側にも生成されるようになりました
[追加] 液体状のアイテムが凍結するようになりました（冬）
[追加] 水中に入るとアイテムの凍結が促進されます (冬)
[追加] 凍結したアイテムは、熱源やシェルターで溶かすことができるようになりました (冬)
[追加] 商人は、故障したアイテムや凍結したアイテムを受け付けなくなりました
[追加] クラフトレシピでは、故障したアイテムや凍結したアイテムを使用できなくなりました
[追加] 楽器を演奏すると、時間の経過とともに精神力が徐々に上昇するようになりました
[追加] 睡眠時には、エネルギーと水分が共に消費されるようになりました [-20]
[追加] 睡眠により精神が上昇するようになった [+20]
[追加] 寝袋を使用すると体温が上昇する [+50]
[追加] 毛布、枕、メラトニンも睡眠に使用できるようになった
[追加] 屋外で寝袋以外の睡眠アイテムを使用すると体温が低下する [-100] (冬)
[追加] ファイアポットなどの屋外の発火源を、熱を必要とするクラフトに使用できるようになりました
[追加] クラフトにおいて、レシピで消費されない再利用可能なツールがサポートされました
[追加] クラフトや家具アイテムも網羅した、独立したチュートリアルタスクが追加されました
[追加] 家具のスタック機能と、家具同士を積み重ねて配置する機能がサポートされました
[追加] 家具にサーフェスマグネット（表面磁石）モードが追加され、表面にスナップできるようになりました
[追加] 戦利品シミュレーションとコンテナで、「工業用」のスポーンタイプと配置場所が使用可能になりました
[追加] ラジオ音声にハイパスフィルターを適用し、より歪んだサウンドになりました
[追加] メインメニューに「変更履歴」と「ハードウェアチェック」ボタンを追加しました
[追加] 3Dドアノブと、操作時のハンドルアニメーションを実装しました
[追加] プレイヤーが地形を通り抜けてしまった場合、フォールバックシステムがプレイヤーをゲームワールドに戻します
[追加] アイテムが地形を貫通した場合、フォールバックシステムによりアイテムがCPUリソースを消費するのを防止
[追加] アイテムがシェルターを貫通した場合、フォールバックシステムによりアイテムが直接インベントリにスポーンされる
----------------------------------------
[修正] 弾薬チェック中に水中に進入すると、弾薬チェックUIがフリーズする問題を修正
[修正] マッチの価値計算が数量に基づいておらず、悪用される可能性があった
[修正] 弾薬の装填中にリロードを行うと、弾薬が複製され、弾薬の上限を超えることがあった
[修正] アイテムのスタックが満杯の状態で高速転送を使用すると、アイテムが複製されることがあった
[修正] アイテムのスタックが満杯の状態でコンテキスト転送を使用すると、アイテムが複製されることがあった
[修正] アイテム配送中に「トレーダーのタスク」から「補給」に切り替えると、アイテムが選択されたままになる
[修正] アイテム配送中に「トレーダーのタスク」をダブルクリックすると、アイテムが選択されたままになる
[修正] 特定の画面解像度で、テトリス状のグリッドによりゴーストアイテムやエラーが発生する
[修正] 特定のハードウェアで、ロード中にシミュレーション時間が00:00で止まることがある
[修正] 特定のハードウェアで、ロード中にシミュレーションの季節が冬から夏にリセットされる
[修正] 手榴弾を投げた直後に武器を装備すると、武器が装備解除されていた
[修正] 手榴弾を投げた直後に武器を装備すると、マガジンが非表示になることがあった
[修正] アイテム間のインターフェースコンテキストメニューの幅がリセットされなかった
[修正] プレイヤーの操作がアパートのバスタブで動かなくなることがあった
[修正] AIの経路探索が、複数階建ての建物（アパート）内で立ち往生することがあった
[修正] AIの経路探索で階段を貫通することがあった（アパート）
[修正] 遠距離（+100m）でAIのバックパックが表示されなかった
[修正] フルオート使用時に武器の音声に歪みやクリッピングが発生していた
[修正] 環境音量設定がダイナミック環境効果音に影響していなかった
[修正] 夏のダイナミック環境効果音が冬 （蚊など）
[修正] スタック上限に達している状態で高速転送を使用すると、自動スタック効果音が再生されることがあった
[修正] シングルモニター環境において、ウィンドウモードのスケーリングが不安定だった
[修正] マルチモニター環境において、ロード画面中に選択モニターが切り替わることがあった
[修正] シェルターでのセーブ時にアイテム位置が破損し、ライトのちらつきを引き起こしていた
[修正] 複数のHUDメッセージが同時に表示されると重なり合う
[修正] ジェネラリスト・トレーダーの照明がアーティファクトを引き起こし、屋外へ光が漏れていた
[修正] シェルター保存時にアイテムの位置情報が破損し、光のちらつきが発生していた
[修正] キャンプファイアや火の要素が、ファイアポットやファイアバレルを貫通していた
[修正] 非PIPスコープを通して火のVFXがレンダリングされなかった
[修正] 木のビルボードの不整合と露出レベルの問題
[修正] シェルター内部で環境フォグがわずかに見える問題
[修正] 弾丸のデカールが不安定で、25mを超えるとちらついたり消えたりしていた問題
[修正] 岩などのスケールされた自然要素を撃つと、弾丸のデカールも同様にスケールされて表示される問題
[修正] ジェネラリスト商人の照明がアーティファクトを引き起こし、壁を透過していた問題
[修正] 複数のHUDメッセージが同時に表示されると重なり合う
[修正] ALT-TAB操作時にゲームが応答しなくなる問題が複数発生
[修正] シングルモニター環境において、ウィンドウモードのスケーリングが不安定だった
[修正] マルチモニター環境において、ロード画面中に選択モニターが切り替わることがあった
----------------------------------------
[変更] レアリティレベル「コモン」と「アンコモン」が統合され、「コモン」となりました
[変更] レジェンダリーアイテムの出現率が1%から0.1%に変更されました
[変更] アーマープレートは常に状態が「新品」の状態で出現するようになりました
[変更] ランダムな睡眠時間が4～8から6～12に変更されました
[変更] レーザーは、適切なサイド/トップレールを備えた武器にのみ装着可能になりました
[変更] ガードもM4A1をデフォルト武器として使用できるようになりました
[変更] すべてのプロジェクトファイルおよびセーブデータは、AppData/Roaming/[ゲーム名] 内に直接保存されるようになりました
[変更] すべてのexeファイルおよびビルドで、業界標準のバージョン表記（例：0.1.0.0）が採用されました
[変更] 特定の武器およびアタッチメント名は、擬似名に変更されました
[変更] 発砲後の武器音に、よりリアルな残響/エコー音量が追加されました
[変更] AIの武器音に複数の変更を加え、方向性や通過時の音響表現を改善しました
[変更] ろうそくの上を歩いても、「火傷」の状態異常が発生しなくなりました
[変更] ヘリコプターの機種がMi-8からMi-24（Hind）に変更されました"	Version 0.1.0.0 (Will be deleted)		
New Game	Difficulty/Standard	String	0	ignore	Scenes/Menu	tscn	Scenes/Menu	Modes/Difficulty/Standard	Select	Button	text	1987105260	Select					
New Game	/	Button	0	ignore	Scenes/Menu	tscn	Scenes/Menu	Modes/Difficulty/Standard	Select	Button	text		Selected					
New Game	/	Button	0	substr	Scripts/Mode	gd			select.text	literal		19	Selected	2082	選択済み			
New Game	/	Button	0	ignore	Scripts/Mode	gd			select.text	literal		24	Selected					
New Game	/	Button	0	ignore	Scripts/Mode	gd			select.text	literal		29	Select					
New Game	/	String	0	literal	Scenes/Menu	tscn	Scenes/Menu	Modes	Warning	Label	text	1818339096	Warning!	2084	警告！			
New Game	/	String	0	literal	Scenes/Menu	tscn	Scenes/Menu	Modes/Warning	Detail	Label	text	1311789019	Existing save files will be deleted	2086	既存のセーブデータは削除されます			
New Game	/	Button	0	literal	Scenes/Menu	tscn	Scenes/Menu	Modes/Buttons	Modes_Enter	Button	text	1342819983	Enter the Road	2088	道へ進め			
New Game	/	Button	0	literal	Scenes/Menu	tscn	Scenes/Menu	Modes/Buttons	Modes_Return	Button	text	327739041	← Return	2090	← 戻る			
New Game	Difficulty	Section Title	0	literal	Scenes/Menu	tscn	Scenes/Menu	Modes/Difficulty	Header	Label	text	1142975339	Difficulty	2092	難易度			
New Game	Difficulty	Section Info	0	literal	Scenes/Menu	tscn	Scenes/Menu	Modes/Difficulty/Header	Subheader	Label	text	1785663196	Gameplay mode	2094	ゲームプレイモード			
New Game	Difficulty	String	0	literal	Scenes/Menu	tscn	Scenes/Menu	Modes/Difficulty/Standard	Hint	Label	text	1115798198	Recommended for new players	2096	初心者におすすめ			
New Game	Difficulty/Standard	SubSection Title	0	literal	Scenes/Menu	tscn	Scenes/Menu	Modes/Difficulty/Standard	Name	Label	text	1943781324	Standard	2098	標準			
New Game	Difficulty/Standard	String	0	literal	Scenes/Menu	tscn	Scenes/Menu	Modes/Difficulty/Standard	Details	Label	text	1979679371	"- Random start kit
- Shelter spawn
- Starts 08:00 with neutral weather
- All character vitals 100
- Permadeath in Vostok"	2100	"- ランダムスタートキット
- シェルターでのスポーン
- 08:00開始、天候は晴れ
- 全キャラクターの体力100
- ボストークではパーマネントデス"			
New Game	Difficulty/Darkness	SubSection Title	0	literal	Scenes/Menu	tscn	Scenes/Menu	Modes/Difficulty/Darkness	Name	Label	text	357299361	Darkness	2102	闇			
New Game	Difficulty/Darkness	String	0	literal	Scenes/Menu	tscn	Scenes/Menu	Modes/Difficulty/Darkness	Details	Label	text	113876474	"- No start kit
- Random spawn
- Random start time & weather
- Random start vitals
- Permadeath in Vostok"	2104	"- スタートキットなし
- ランダムなスポーン地点
- ランダムな開始時刻と天候
- ランダムな開始時の体力・スタミナ・耐久力
- ヴォストークではパーマネントデス"			
New Game	Difficulty/Darkness	String	0	literal	Scenes/Menu	tscn	Scenes/Menu	Modes/Difficulty/Darkness	Select	Button	text	1533099300	Select	2106	選択			
New Game	Difficulty/Ironman	SubSection Title	0	literal	Scenes/Menu	tscn	Scenes/Menu	Modes/Difficulty/Ironman	Name	Label	text	688804211	Ironman	2108	アイアンマン			
New Game	Difficulty/Ironman	String	0	literal	Scenes/Menu	tscn	Scenes/Menu	Modes/Difficulty/Ironman	Details	Label	text	35357242	"- No start kit
- Random spawn
- Random start time & weather
- Random start vitals
- Always permadeath"	2110	"- スタートキットなし
- ランダムなスポーン地点
- ランダムな開始時刻と天候
- ランダムな開始時の体力
- 常にパーマネントデス"			
New Game	Difficulty/Ironman	String	0	literal	Scenes/Menu	tscn	Scenes/Menu	Modes/Difficulty/Ironman	Select	Button	text	1040458837	Select	2112	選択			
New Game	Season	Section Title	0	literal	Scenes/Menu	tscn	Scenes/Menu	Modes/Season	Header	Label	text	631199784	Season	2114	シーズン			
New Game	Season	Section Info	0	literal	Scenes/Menu	tscn	Scenes/Menu	Modes/Season/Header	Subheader	Label	text	1039100468	Seasonal mode	2116	季節モード			
New Game	Season/Summer	String	0	literal	Scenes/Menu	tscn	Scenes/Menu	Modes/Season/Summer	Hint	Label	text	2113406621	Recommended for new players	2118	初心者におすすめ			
New Game	Season/Summer	SubSection Title	0	literal	Scenes/Menu	tscn	Scenes/Menu	Modes/Season/Summer	Name	Label	text	1022932264	Summer	2120	夏			
New Game	Season/Summer	String	0	literal	Scenes/Menu	tscn	Scenes/Menu	Modes/Season/Summer	Details	Label	text	745148717	"- Summer (365 days)
- No winter
- Day & night cycle (2.4h IRL)"	2122	"- 夏（365日）
- 冬なし
- 昼夜のサイクル（現実世界では2.4時間）"			
New Game	Season/Summer	String	0	literal	Scenes/Menu	tscn	Scenes/Menu	Modes/Season/Summer	Select	Button	text	762513593	Select	2124	選択			
New Game	Season/Winter	SubSection Title	0	literal	Scenes/Menu	tscn	Scenes/Menu	Modes/Season/Winter	Name	Label	text	1225530918	Winter	2126	冬			
New Game	Season/Winter	String	0	literal	Scenes/Menu	tscn	Scenes/Menu	Modes/Season/Winter	Details	Label	text	1238633642	"- No summer
- Winter (365 days)
- Day & night cycle (2.4h IRL)"	2128	"- 夏なし
- 冬（365日）
- 昼夜サイクル（現実世界では2.4時間）"			
New Game	Season/Winter	String	0	literal	Scenes/Menu	tscn	Scenes/Menu	Modes/Season/Winter	Select	Button	text	1694427365	Select	2130	選択			
New Game	Season/Dynamic	SubSection Title	0	literal	Scenes/Menu	tscn	Scenes/Menu	Modes/Season/Dynamic	Name	Label	text	1253705311	Dynamic	2132	ダイナミック			
New Game	Season/Dynamic	String	0	literal	Scenes/Menu	tscn	Scenes/Menu	Modes/Season/Dynamic	Details	Label	text	32667996	"- Summer / Autumn / Winter / Spring
- Dynamic season cycle (365 days)
- Day & night cycle (2.4h IRL)"	2134	"- 夏 / 秋 / 冬 / 春
- ダイナミックな季節の移り変わり（365日）
- 昼夜サイクル（実時間2.4時間）"			
New Game	Season/Dynamic	String	0	literal	Scenes/Menu	tscn	Scenes/Menu	Modes/Season/Dynamic	Select	Button	text	338862948	Locked	2136	ロック中			
Settings	/	Page Title	0	literal	Scenes/Menu	tscn	Scenes/Menu	Settings	Header	Label	text	610266802	Settings	2138	設定			
Settings	/	Page Subtitle	0	literal	Scenes/Menu	tscn	Scenes/Menu	Settings/Header	Subheader	Label	text	1190483174	Game options	2140	ゲーム設定			
Settings	/	String	0	literal	UI/Settings	tscn	UI/Settings	.	Pause	Label	text	1032650120	Game Paused	2142	ゲームが一時停止しました			
Settings	/	Button	0	literal	Scenes/Menu	tscn	Scenes/Menu	Settings	Settings_Return	Button	text	1591782435	← Return	2144	← 戻る			
Settings	/	Button	0	literal	UI/Settings	tscn	UI/Settings	Warning/Buttons	Exit_Return	Button	text	1846128635	← Return	2146	← 戻る			
Settings	/	String	0	literal	UI/Settings	tscn	UI/Settings	Warning	Warning	Label	text	942708465	Warning!	2148	警告！			
Settings	/	Button	0	literal	UI/Settings	tscn	UI/Settings	Warning/Buttons	Exit_Menu	Button	text	46679138	Continue to Main Menu	2150	メインメニューに戻る			
Settings	/	Button	0	literal	UI/Settings	tscn	UI/Settings	Warning/Buttons	Exit_Quit	Button	text	1053398316	Quit Game	2152	ゲームを終了する			
Settings	/	String	0	literal	UI/Settings	tscn	UI/Settings	Warning/Warning	Detail	Label	text	2090207802	"You are exiting the game outside of the shelter
Current inventory & equipment will be deleted"	2154	"シェルターの外でゲームを終了します
現在の所持品と装備は削除されます"			
Settings	Input Settings	Section Title	0	literal	Resources/Inputs	tscn	Resources/Inputs	.	Header	Label	text	1021342677	Input Settings	2156	入力設定			
Settings	Input Settings	Element	0	literal	Resources/Inputs	tscn	Resources/Inputs	Modes/Settings	Mouse	Label	text	1205060240	Mouse	2158	マウス			
Settings	Input Settings	Element Button	0	literal	Resources/Inputs	tscn	Resources/Inputs	Modes/Settings/Mouse_Options	Normal	Button	text	907110992	"Normal
"	2160	通常			
Settings	Input Settings	Element Button	0	literal	Resources/Inputs	tscn	Resources/Inputs	Modes/Settings/Mouse_Options	Inverted	Button	text	1620747805	"Inverted
"	2162	反転			
Settings	Input Settings	Element	0	literal	Resources/Inputs	tscn	Resources/Inputs	Modes/Settings	Sprint	Label	text	1603891433	Sprint	2164	スプリント			
Settings	Input Settings	Element Button	0	literal	Resources/Inputs	tscn	Resources/Inputs	Modes/Settings/Sprint_Options	Sprint_Hold	Button	text	547331103	"Hold
"	2166	保留			
Settings	Input Settings	Element Button	0	literal	Resources/Inputs	tscn	Resources/Inputs	Modes/Settings/Sprint_Options	Sprint_Toggle	Button	text	503096142	"Toggle
"	2168	切り替え			
Settings	Input Settings	Element	0	literal	Resources/Inputs	tscn	Resources/Inputs	Modes/Settings	Lean	Label	text	684857853	Lean	2170	リーン			
Settings	Input Settings	Element Button	0	literal	Resources/Inputs	tscn	Resources/Inputs	Modes/Settings/Lean_Options	Lean_Hold	Button	text	2100503869	"Hold
"	2172	保留			
Settings	Input Settings	Element Button	0	literal	Resources/Inputs	tscn	Resources/Inputs	Modes/Settings/Lean_Options	Lean_Toggle	Button	text	2116956234	"Toggle
"	2174	切り替え			
Settings	Input Settings	Element	0	literal	Resources/Inputs	tscn	Resources/Inputs	Modes/Settings	Aim	Label	text	2052337548	Aim	2176	目的			
Settings	Input Settings	Element Button	0	literal	Resources/Inputs	tscn	Resources/Inputs	Modes/Settings/Aim_Options	Aim_Hold	Button	text	428854233	"Hold
"	2178	保留			
Settings	Input Settings	Element Button	0	literal	Resources/Inputs	tscn	Resources/Inputs	Modes/Settings/Aim_Options	Aim_Toggle	Button	text	217711526	"Toggle
"	2180	切り替え			
Settings	Input Settings	Button	0	literal	Resources/Inputs	tscn	Resources/Inputs	.	Reset	Button	text	512436692	Reset to defaults	2182	初期設定に戻す			
Settings	#Not Checked	String	0	literal	Resources/RemapButton	tscn	Resources/RemapButton	MarginContainer/HBoxContainer	LabelAction	Label	text	1524522543	Example Input	2184	入力例			
Settings	#Not Checked	String	0	literal	Resources/RemapButton	tscn	Resources/RemapButton	MarginContainer/HBoxContainer	LabelInput	Label	text	465317953	Input Key	2186	入力キー	Dynamically Changed on Inputs.gd		
Settings	#Not Checked	String	0	substr	Scripts/Inputs	gd			"button.find_child(""LabelInput"").text"	literal		232	Press key to bind...	2188	キーを押して割り当ててください...	Dynamically Changed on Inputs.gd		
Settings	Input Settings	Scroll Element	0	substr	Scripts/Inputs	gd			inputs.forward	dict		30	Forward	2190	次へ			
Settings	Input Settings	Scroll Element	0	substr	Scripts/Inputs	gd			inputs.backward	dict		31	Backward	2192	戻る			
Settings	Input Settings	Scroll Element	0	substr	Scripts/Inputs	gd			inputs.left	dict		32	Left	2194	左			
Settings	Input Settings	Scroll Element	0	substr	Scripts/Inputs	gd			inputs.right	dict		33	Right	2196	その通り			
Settings	Input Settings	Scroll Element	0	substr	Scripts/Inputs	gd			inputs.crouch	dict		34	Crouch	2198	クラウチ			
Settings	Input Settings	Scroll Element	0	substr	Scripts/Inputs	gd			inputs.jump	dict		35	Jump	2200	ジャンプ			
Settings	Input Settings	Scroll Element	0	substr	Scripts/Inputs	gd			inputs.sprint	dict		36	Sprint	2202	スプリント			
Settings	Input Settings	Scroll Element	0	substr	Scripts/Inputs	gd			inputs.lean_L	dict		37	Lean Left	2204	左寄り			
Settings	Input Settings	Scroll Element	0	substr	Scripts/Inputs	gd			inputs.lean_R	dict		38	Lean Right	2206	右に傾く			
Settings	Input Settings	Scroll Element	0	substr	Scripts/Inputs	gd			inputs.primary	dict		39	Draw Primary	2208	プライマリの描画			
Settings	Input Settings	Scroll Element	0	substr	Scripts/Inputs	gd			inputs.secondary	dict		40	Draw Secondary	2210	セカンダリを描画			
Settings	Input Settings	Scroll Element	0	substr	Scripts/Inputs	gd			inputs.knife	dict		41	Draw Knife	2212	引き鉋			
Settings	Input Settings	Scroll Element	0	substr	Scripts/Inputs	gd			inputs.grenade_1	dict		42	Draw Grenade 1	2214	手榴弾1を投げる			
Settings	Input Settings	Scroll Element	0	substr	Scripts/Inputs	gd			inputs.grenade_2	dict		43	Draw Grenade 2	2216	手榴弾を投げる 2			
Settings	Input Settings	Scroll Element	0	substr	Scripts/Inputs	gd			inputs.weapon_high	dict		44	Raise Weapon	2218	武器を構える			
Settings	Input Settings	Scroll Element	0	substr	Scripts/Inputs	gd			inputs.weapon_low	dict		45	Lower Weapon	2220	武器を下げる			
Settings	Input Settings	Scroll Element	0	substr	Scripts/Inputs	gd			inputs.aim	dict		46	Aim	2222	目的			
Settings	Input Settings	Scroll Element	0	substr	Scripts/Inputs	gd			inputs.canted	dict		47	Canted Aim	2224	傾斜した照準			
Settings	Input Settings	Scroll Element	0	substr	Scripts/Inputs	gd			inputs.fire	dict		48	Fire	2226	火			
Settings	Input Settings	Scroll Element	0	substr	Scripts/Inputs	gd			inputs.reload	dict		49	Reload	2228	再読み込み			
Settings	Input Settings	Scroll Element	0	substr	Scripts/Inputs	gd			inputs.ammo_check	dict		50	Ammo Check	2230	弾薬確認			
Settings	Input Settings	Scroll Element	0	substr	Scripts/Inputs	gd			inputs.firemode	dict		51	Firemode	2232	ファイアモード			
Settings	Input Settings	Scroll Element	0	substr	Scripts/Inputs	gd			inputs.inspect	dict		52	Inspect Weapon	2234	武器を点検する			
Settings	Input Settings	Scroll Element	0	substr	Scripts/Inputs	gd			inputs.prepare	dict		53	Prepare Insert	2236	挿入の準備			
Settings	Input Settings	Scroll Element	0	substr	Scripts/Inputs	gd			inputs.insert	dict		54	Insert Cartridge	2238	カートリッジを挿入してください			
Settings	Input Settings	Scroll Element	0	substr	Scripts/Inputs	gd			inputs.interact	dict		55	Interact	2240	交流する			
Settings	Input Settings	Scroll Element	0	substr	Scripts/Inputs	gd			inputs.place	dict		56	Place	2242	場所			
Settings	Input Settings	Scroll Element	0	substr	Scripts/Inputs	gd			inputs.decor	dict		57	Decor Mode	2244	デコレーションモード			
Settings	Input Settings	Scroll Element	0	substr	Scripts/Inputs	gd			inputs.flashlight	dict		58	Flashlight	2246	懐中電灯			
Settings	Input Settings	Scroll Element	0	substr	Scripts/Inputs	gd			inputs.nvg	dict		59	NVG	2248	NVG			
Settings	Input Settings	Scroll Element	0	substr	Scripts/Inputs	gd			inputs.laser	dict		60	Laser	2250	レーザー			
Settings	Input Settings	Scroll Element	0	substr	Scripts/Inputs	gd			inputs.rail_movement	dict		61	Rail Movement	2252	レールの動き			
Settings	Input Settings	Scroll Element	0	substr	Scripts/Inputs	gd			inputs.secondary_optic	dict		62	Secondary Optic	2254	二次光学系			
Settings	Input Settings	Scroll Element	0	substr	Scripts/Inputs	gd			inputs.interface	dict		63	Interface	2256	インターフェース			
Settings	Input Settings	Scroll Element	0	substr	Scripts/Inputs	gd			inputs.item_rotate	dict		64	Rotate Item	2258	アイテムを回転			
Settings	Input Settings	Scroll Element	0	substr	Scripts/Inputs	gd			inputs.item_transfer	dict		65	Fast Transfer	2260	高速転送			
Settings	Input Settings	Scroll Element	0	substr	Scripts/Inputs	gd			inputs.item_equip	dict		66	Fast Equip	2262	即装備			
Settings	Input Settings	Scroll Element	0	substr	Scripts/Inputs	gd			inputs.item_drop	dict		67	Fast Drop	2264	ファスト・ドロップ			
Settings	Input Settings	Elements	0	substr									Left Mouse Button	2266	マウスの左ボタン	I can't find those texts. Maybe dependent on Godot Engine.		
Settings	Input Settings	Elements	0	substr									Right Mouse Button	2268	マウスの右ボタン	I can't find those texts. Maybe dependent on Godot Engine.		
Settings	Input Settings	Elements	0	substr									Middle Mouse Button	2270	マウスの中ボタン	I can't find those texts. Maybe dependent on Godot Engine.		
Settings	Input Settings	Elements	0	substr									Mouse Wheel Up	2272	マウスホイールを上にスクロール	I can't find those texts. Maybe dependent on Godot Engine.		
Settings	Input Settings	Elements	0	substr									Mouse Wheel Down	2274	マウスホイールを下にスクロール	I can't find those texts. Maybe dependent on Godot Engine.		
Settings	Input Settings	Elements	0	substr									Mouse Thumb Button 1	2276	マウスの親指ボタン 1	I can't find those texts. Maybe dependent on Godot Engine.		
Settings	Input Settings	Elements	0	substr									Mouse Thumb Button 2	2278	マウスの親指ボタン 2	I can't find those texts. Maybe dependent on Godot Engine.		
Settings	Audio Settings	Section Title	0	literal	UI/Settings	tscn	UI/Settings	Settings/Row_01/Audio	Audio	Label	text	1599415116	Audio Settings	2280	オーディオ設定			
Settings	Audio Settings	Element	0	literal	UI/Settings	tscn	UI/Settings	Settings/Row_01/Audio/Settings	Master	Label	text	316581984	Master Volume	2282	マスターボリューム			
Settings	Audio Settings	Element	0	literal	UI/Settings	tscn	UI/Settings	Settings/Row_01/Audio/Settings	Ambient	Label	text	1011559267	Ambient Volume	2284	周囲の音量			
Settings	Audio Settings	Element	0	literal	UI/Settings	tscn	UI/Settings	Settings/Row_01/Audio/Settings	Music	Label	text	1621547807	Music Volume	2286	音楽の音量			
Settings	Audio Settings/Music Preset	Element	0	literal	UI/Settings	tscn	UI/Settings	Settings/Row_01/Music/Elements	Music	Label	text	1106070373	Music Preset	2288	音楽プリセット			
Settings	Audio Settings/Music Preset	Button	0	literal	UI/Settings	tscn	UI/Settings	Settings/Row_01/Music/Elements/Settings	Music_Off	Button	text	1157664360	"Off
"	2290	オフ			
Settings	Audio Settings/Music Preset	Button	0	literal	UI/Settings	tscn	UI/Settings	Settings/Row_01/Music/Elements/Settings	Music_Dynamic	Button	text	145862675	"Dynamic
"	2292	ダイナミック			
Settings	Audio Settings/Music Preset	Button	0	literal	UI/Settings	tscn	UI/Settings	Settings/Row_01/Music/Elements/Settings	Music_Shelter	Button	text	834239374	"Shelter
"	2294	シェルター			
Settings	Audio Settings/Music Preset	Button	0	literal	UI/Settings	tscn	UI/Settings	Settings/Row_01/Music/Elements/Settings	Music_Area_05	Button	text	764521612	"Area 05
"	2296	エリア05			
Settings	Audio Settings/Music Preset	Button	0	literal	UI/Settings	tscn	UI/Settings	Settings/Row_01/Music/Elements/Settings	Music_Border	Button	text	1230302201	"Border
"	2298	国境	"다음 사항에 대해서 번역에 주의하세요:
해당 버튼의 'Border'은 'Border Zone'을 의미합니다"		
Settings	Audio Settings/Music Preset	Button	0	literal	UI/Settings	tscn	UI/Settings	Settings/Row_01/Music/Elements/Settings	Music_Vostok	Button	text	467747618	"Vostok
"	2300	ボストーク			
Settings	Camera Settings	Section Title	0	literal	UI/Settings	tscn	UI/Settings	Settings/Row_01/Camera	Camera	Label	text	1447811589	Camera Settings	2302	カメラの設定			
Settings	Camera Settings	Element	0	literal	UI/Settings	tscn	UI/Settings	Settings/Row_01/Camera/Elements	Interpolate	Label	text	973282705	Interpolate	2304	補間する			
Settings	Camera Settings	Element	0	literal	UI/Settings	tscn	UI/Settings	Settings/Row_01/Camera/Elements	FOV	Label	text	870732399	Field of View	2306	視野			
Settings	Camera Settings	Element	0	literal	UI/Settings	tscn	UI/Settings	Settings/Row_01/Camera/Elements	Headbob	Label	text	1987178160	Headbob	2308	ヘッドボブ			
Settings	Camera Settings	Button	0	literal	UI/Settings	tscn	UI/Settings	Settings/Row_01/Camera/Elements/Settings	Interpolate_Off	Button	text	1097446784	"Off
"	2310	オフ			
Settings	Camera Settings	Button	0	literal	UI/Settings	tscn	UI/Settings	Settings/Row_01/Camera/Elements/Settings	Interpolate_On	Button	text	875405842	"On
"	2312	について			
Settings	Mouse Settings	Section Title	0	literal	UI/Settings	tscn	UI/Settings	Settings/Row_01/Mouse	Mouse	Label	text	1232366398	Mouse Settings	2314	マウスの設定			
Settings	Mouse Settings	Element	0	literal	UI/Settings	tscn	UI/Settings	Settings/Row_01/Mouse/Settings	Look	Label	text	1455937058	Look Sensitivity	2316	表示感度			
Settings	Mouse Settings	Element	0	literal	UI/Settings	tscn	UI/Settings	Settings/Row_01/Mouse/Settings	Aim	Label	text	1986975582	Aim Sensitivity	2318	照準感度			
Settings	Mouse Settings	Element	0	literal	UI/Settings	tscn	UI/Settings	Settings/Row_01/Mouse/Settings	Scope	Label	text	701789755	Scope Sensitivity	2320	測定範囲感度			
Settings	Color Settings	Section Title	0	literal	UI/Settings	tscn	UI/Settings	Settings/Row_01/Color	Color	Label	text	364141163	Color Settings	2322	色設定			
Settings	UI Scaling	Section Title	0	static	UI/Settings	tscn	UI/Settings	Settings/Row_01/Image	Image	Label	text	1651718328	UI Scaling [Coming Soon]	2324	UIの拡大縮小 [近日公開予定]			
Settings	UI Scaling	Section Title	0	substr			UI/Settings	Settings/Row_01/Image	Image	Label	text		UI Scaling	2326	UIの拡大縮小			
Settings	UI Scaling	Element	0	literal	UI/Settings	tscn	UI/Settings	Settings/Row_01/Image/Elements	Interface	Label	text	924067924	Interface Scale	2328	インターフェースのスケール			
Settings	UI Scaling	Element	0	literal	UI/Settings	tscn	UI/Settings	Settings/Row_01/Image/Elements	HUD	Label	text	118931963	HUD Scale	2330	HUDスケール			
Settings	UI Scaling	Element	0	literal	UI/Settings	tscn	UI/Settings	Settings/Row_01/Image/Elements	Font	Label	text	1601276621	Font Scale	2332	フォントサイズ			
Settings	Color Settings	Element	0	literal	UI/Settings	tscn	UI/Settings	Settings/Row_01/Color/Settings	Exposure	Label	text	1627739783	Exposure	2334	露出			
Settings	Color Settings	Element	0	literal	UI/Settings	tscn	UI/Settings	Settings/Row_01/Color/Settings	Contrast	Label	text	1493783365	Contrast	2336	コントラスト			
Settings	Color Settings	Element	0	literal	UI/Settings	tscn	UI/Settings	Settings/Row_01/Color/Settings	Saturation	Label	text	1622870104	Saturation	2338	飽和			
Settings	Image Settings	Section Title	0	literal	UI/Settings	tscn	UI/Settings	Settings/Row_01/Image	Image	Label	text	1651718328	Image Settings	2340	画像設定			
Settings	Image Settings	Element	0	literal	UI/Settings	tscn	UI/Settings	Settings/Row_01/Image/Settings	Sharpness	Label	text	924067924	Sharpness	2342	シャープネス			
Settings	HUD	Section Title	0	literal	UI/Settings	tscn	UI/Settings	Settings/Row_02/HUD	HUD	Label	text	1128593681	HUD	2344	住宅都市開発省（HUD）			
Settings	HUD	Button	0	literal	UI/Settings	tscn	UI/Settings	Settings/Row_02/HUD/Settings	Map	Button	text	384487481	"Map
"	2346	地図			
Settings	HUD	Button	0	literal	UI/Settings	tscn	UI/Settings	Settings/Row_02/HUD/Settings	FPS	Button	text	638805317	FPS	2348	FPS			
Settings	HUD	Button	0	literal	UI/Settings	tscn	UI/Settings	Settings/Row_02/HUD/Settings	Vitals	Button	text	997778180	Vitals	2350	バイタルサイン			
Settings	HUD	Button	0	literal	UI/Settings	tscn	UI/Settings	Settings/Row_02/HUD/Settings	Medical	Button	text	797858214	Medical	2352	医療			
Settings	HUD	Button	0	literal	UI/Settings	tscn	UI/Settings	Settings/Row_02/HUD/Settings	Placement	Button	text	1947205630	Placement	2354	配置			
Settings	HUD	Button	0	literal	UI/Settings	tscn	UI/Settings	Settings/Row_02/HUD/Settings	Decor	Button	text	502088511	Decor	2356	インテリア			
Settings	UI Tooltip	Section Title	0	literal	UI/Settings	tscn	UI/Settings	Settings/Row_02/Tooltip	Tooltip	Label	text	1952881397	UI Tooltip	2358	UIのツールチップ			
Settings	UI Tooltip	Button	0	literal	UI/Settings	tscn	UI/Settings	Settings/Row_02/Tooltip/Settings	Tooltip_On	Button	text	218441862	"On
"	2360	について			
Settings	UI Tooltip	Button	0	literal	UI/Settings	tscn	UI/Settings	Settings/Row_02/Tooltip/Settings	Tooltip_Off	Button	text	2115067092	Off	2362	オフ			
Settings	PIP Scopes	Section Title	0	literal	UI/Settings	tscn	UI/Settings	Settings/Row_02/PIP	PIP	Label	text	907557627	PIP Scopes	2364	PIPスコープ			
Settings	PIP Scopes	Button	0	literal	UI/Settings	tscn	UI/Settings	Settings/Row_02/PIP/Settings	PIP_On	Button	text	1683999774	"On
"	2366	について			
Settings	PIP Scopes	Button	0	literal	UI/Settings	tscn	UI/Settings	Settings/Row_02/PIP/Settings	PIP_Off	Button	text	1913543227	"Off
"	2368	オフ			
Settings	Detail Shadows	Section Title	0	literal	UI/Settings	tscn	UI/Settings	Settings/Row_02/Shadows	Shadows	Label	text	988659184	Detail Shadows	2370	ディテールシャドウ			
Settings	Detail Shadows	Button	0	literal	UI/Settings	tscn	UI/Settings	Settings/Row_02/Shadows/Settings	Shadows_On	Button	text	543815795	On	2372	について			
Settings	Detail Shadows	Button	0	literal	UI/Settings	tscn	UI/Settings	Settings/Row_02/Shadows/Settings	Shadows_Off	Button	text	509666701	"Off
"	2374	オフ			
Settings	Water Reflections	Section Title	0	literal	UI/Settings	tscn	UI/Settings	Settings/Row_02/Water	Header	Label	text	850845642	Water Reflections	2376	水面に映る景色			
Settings	Water Reflections	Button	0	literal	UI/Settings	tscn	UI/Settings	Settings/Row_02/Water/Settings	Reflections_On	Button	text	1445410068	On	2378	について			
Settings	Water Reflections	Button	0	literal	UI/Settings	tscn	UI/Settings	Settings/Row_02/Water/Settings	Reflections_Off	Button	text	1217670336	"Off
"	2380	オフ			
Settings	Ambient Occlusion	Section Title	0	literal	UI/Settings	tscn	UI/Settings	Settings/Row_02/AO	AO	Label	text	75172857	Ambient Occlusion	2382	アンビエントオクルージョン			
Settings	Ambient Occlusion	Button	0	literal	UI/Settings	tscn	UI/Settings	Settings/Row_02/AO/Settings	AO_On	Button	text	405755742	On	2384	について			
Settings	Ambient Occlusion	Button	0	literal	UI/Settings	tscn	UI/Settings	Settings/Row_02/AO/Settings	AO_Off	Button	text	478649488	"Off
"	2386	オフ			
Settings	Display	Section Title	0	literal	UI/Settings	tscn	UI/Settings	Settings/Row_03/Display	Display	Label	text	216736509	Display	2388	表示			
Settings	Display	Button	0	literal	UI/Settings	tscn	UI/Settings	Settings/Row_03/Display/Settings	Fullscreen	Button	text	358096211	Fullscreen	2390	全画面表示			
Settings	Display	Button	0	literal	UI/Settings	tscn	UI/Settings	Settings/Row_03/Display/Settings	Windowed	Button	text	737689796	Windowed	2392	ウィンドウ表示			
Settings	Display	Element	0	pattern									Monitor: {idx}	2394	Monitor: {idx}			
Settings	Display	Element	0	pattern									Window: {percent}%	2396	Window: {percent}%			
Settings	Frames	Section Title	0	literal	UI/Settings	tscn	UI/Settings	Settings/Row_03/Frames	Frames	Label	text	295331903	Frames	2398	フレーム			
Settings	Frames	Button	1	literal	UI/Settings	tscn	UI/Settings	Settings/Row_03/Frames/Settings	FPS_60	Button	text	137610325	60					
Settings	Frames	Button	1	literal	UI/Settings	tscn	UI/Settings	Settings/Row_03/Frames/Settings	FPS_120	Button	text	1049440983	120					
Settings	Frames	Button	1	literal	UI/Settings	tscn	UI/Settings	Settings/Row_03/Frames/Settings	FPS_200	Button	text	1243526225	200					
Settings	Frames	Button	1	literal	UI/Settings	tscn	UI/Settings	Settings/Row_03/Frames/Settings	FPS_300	Button	text	2062662255	300					
Settings	Frames	Button	0	literal	UI/Settings	tscn	UI/Settings	Settings/Row_03/Frames/Settings	Vsync	Button	text	1956572514	Vsync	2400	Vsync			
Settings	Frames	Button	0	literal	UI/Settings	tscn	UI/Settings	Settings/Row_03/Frames/Settings	Unlimited	Button	text	2076700037	Unlimited	2402	無制限			
Settings	Render Resolution	Section Title	0	literal	UI/Settings	tscn	UI/Settings	Settings/Row_03/Rendering	Rendering	Label	text	181608627	Render Resolution	2404	レンダリング解像度			
Settings	Render Resolution	Button	0	literal	UI/Settings	tscn	UI/Settings	Settings/Row_03/Rendering/Settings	R_Low	Button	text	979294547	Low	2406	低			
Settings	Render Resolution	Button	0	literal			UI/Settings	Settings/Row_03/Rendering/Settings	R_Medium	Button	text		Medium	2408	中	Depricated in 0.1.1.3, will be deleted		
Settings	Render Resolution	Button	0	literal			UI/Settings	Settings/Row_03/Rendering/Settings	R_High	Button	text		High	2410	高い	Depricated in 0.1.1.3, will be deleted		
Settings	Render Resolution	Button	0	literal			UI/Settings	Settings/Row_03/Rendering/Settings	R_Ultra	Button	text		Ultra	2412	ウルトラ	Depricated in 0.1.1.3, will be deleted		
Settings	Render Resolution	Button	0	literal	UI/Settings	tscn	UI/Settings	Settings/Row_03/Rendering/Settings	R_Native	Button	text	1480129753	Native	2414	ネイティブ			
Settings	Render Resolution	Button	0	literal	UI/Settings	tscn	UI/Settings	Settings/Row_03/Rendering/Settings	Sharpness	Label	text	408616542	Image Sharpness	2416	画像の鮮明さ			
Settings	Lighting Quality	Section Title	0	literal	UI/Settings	tscn	UI/Settings	Settings/Row_03/Lighting	Lighting	Label	text	1754304417	Lighting Quality	2418	照明の質			
Settings	Lighting Quality	Button	0	literal	UI/Settings	tscn	UI/Settings	Settings/Row_03/Lighting/Settings	L_Low	Button	text	1856829880	Low	2420	低			
Settings	Lighting Quality	Button	0	literal	UI/Settings	tscn	UI/Settings	Settings/Row_03/Lighting/Settings	L_Medium	Button	text	1240839901	Medium	2422	中			
Settings	Lighting Quality	Button	0	literal	UI/Settings	tscn	UI/Settings	Settings/Row_03/Lighting/Settings	L_High	Button	text	1338458648	High	2424	高い			
Settings	Lighting Quality	Button	0	literal	UI/Settings	tscn	UI/Settings	Settings/Row_03/Lighting/Settings	L_Ultra	Button	text	1687334721	Ultra	2426	ウルトラ			
Settings	Anti-aliasing	Section Title	0	literal	UI/Settings	tscn	UI/Settings	Settings/Row_03/Antialiasing	Antialiasing	Label	text	2029165260	Anti-aliasing	2428	アンチエイリアシング			
Settings	Anti-aliasing	Button	0	literal	UI/Settings	tscn	UI/Settings	Settings/Row_03/Antialiasing/Settings	MSAA_Off	Button	text	1644486263	Off	2430	オフ			
Settings	Anti-aliasing	Button	1	literal	UI/Settings	tscn	UI/Settings	Settings/Row_03/Antialiasing/Settings	MSAA_2x	Button	text	29844067	MSAA 2x					
Settings	Anti-aliasing	Button	1	literal	UI/Settings	tscn	UI/Settings	Settings/Row_03/Antialiasing/Settings	MSAA_4x	Button	text	380447260	MSAA 4x					
Settings	Anti-aliasing	Button	1	literal	UI/Settings	tscn	UI/Settings	Settings/Row_03/Antialiasing/Settings	MSAA_8x	Button	text	1518996046	MSAA 8x					
Settings	Anti-aliasing	Button	0	literal	UI/Settings	tscn	UI/Settings	Settings/Row_03/Antialiasing/Settings	SMAA_Off	Button	text	804158341	SMAA Off	2432	SMAA オフ			
Settings	Anti-aliasing	Button	0	literal	UI/Settings	tscn	UI/Settings	Settings/Row_03/Antialiasing/Settings	SMAA_On	Button	text	631942045	SMAA On	2434	SMAA オン			
Settings	Exit	Section Title	0	literal	UI/Settings	tscn	UI/Settings	Settings/Row_03/Exit	Exit	Label	text	1651642691	Exit	2436	終了			
Settings	Exit	Button	0	literal	UI/Settings	tscn	UI/Settings	Settings/Row_03/Exit/Settings	Menu	Button	text	1300543063	Main Menu	2438	メインメニュー			
Settings	Exit	Button	0	literal	UI/Settings	tscn	UI/Settings	Settings/Row_03/Exit/Settings	Quit	Button	text	93322745	"Quit Game
"	2440	ゲームを終了する			
Roadmap	/	Page Title	0	literal	Scenes/Menu	tscn	Scenes/Menu	Roadmap	Header	Label	text	1972842607	Roadmap	2442	ロードマップ			
Roadmap	/	Page Subtitle	0	literal	Scenes/Menu	tscn	Scenes/Menu	Roadmap/Header	Subheader	Label	text	1554993421	Upcoming builds	2444	今後のビルド			
Roadmap	/	Button	0	literal	Scenes/Menu	tscn	Scenes/Menu	Roadmap	Roadmap_Return	Button	text	283012031	← Return	2446	← 戻る			
Roadmap	Build 1	Section Title	0	literal	Scenes/Menu	tscn	Scenes/Menu	Roadmap/Builds/Build_01	Name	Label	text	1370117663	Build 1 | Road	2448	ビルド 1 | 道路			
Roadmap	Build 1	String	0	literal	Scenes/Menu	tscn	Scenes/Menu	Roadmap/Builds/Build_01	Date	Label	text	1764579441	Completed	2450	完了			
Roadmap	Build 1	String	0	literal	Scenes/Menu	tscn	Scenes/Menu	Roadmap/Builds/Build_01	Content	Label	text	744617097	"•  Early access launch
•  Gameplay loop
•  Expanded maps
•  Dynamic elements
•  Multi-shelter support"	2452	"•  早期アクセス開始
•  ゲームプレイループ
•  マップの拡張
•  ダイナミック要素
•  複数シェルターの対応"			
Roadmap	Build 2	Section Title	0	literal	Scenes/Menu	tscn	Scenes/Menu	Roadmap/Builds/Build_02	Name	Label	text	1993826244	Build 2 | Nomads	2454	ビルド2 | ノマド			
Roadmap	Build 2	String	0	literal	Scenes/Menu	tscn	Scenes/Menu	Roadmap/Builds/Build_02	Date	Label	text	767804964	Q3/2026	2456	2026年第3四半期			
Roadmap	Build 2	String	0	literal	Scenes/Menu	tscn	Scenes/Menu	Roadmap/Builds/Build_02	Details	Label	text	1826473906	"•  Friendly faction
•  AI vs. AI combat
•  AI variants
•  Driver (Trader)
•  New map & shelter"	2458	"•  味方勢力
•  AI対AIの戦闘
•  AIのバリエーション
•  ドライバー（トレーダー）
•  新マップとシェルター"			
Roadmap	Build 3	Section Title	0	literal	Scenes/Menu	tscn	Scenes/Menu	Roadmap/Builds/Build_03	Name	Label	text	1646155276	Build 3 | Signal	2460	ビルド 3 | Signal			
Roadmap	Build 3	String	0	literal	Scenes/Menu	tscn	Scenes/Menu	Roadmap/Builds/Build_03	Date	Label	text	805037100	Q4/2026	2462	2026年第4四半期			
Roadmap	Build 3	String	0	literal	Scenes/Menu	tscn	Scenes/Menu	Roadmap/Builds/Build_03	Details	Label	text	1971995323	"•  Quest system
•  Lore elements
•  Civil defence shelters
•  Grandma (Trader)
•  New map & shelter"	2464	"•  クエストシステム
•  世界観要素
•  防空壕
•  おばあさん（商人）
•  新マップ＆防空壕"			
Roadmap	Build 4	Section Title	0	literal	Scenes/Menu	tscn	Scenes/Menu	Roadmap/Builds/Build_04	Name	Label	text	414089883	Build 4 | Gunslinger	2466	ビルド4 | ガンスリンガー			
Roadmap	Build 4	String	0	literal	Scenes/Menu	tscn	Scenes/Menu	Roadmap/Builds/Build_04	Date	Label	text	1482061025	TBA	2468	未定			
Roadmap	Build 4	String	0	literal	Scenes/Menu	tscn	Scenes/Menu	Roadmap/Builds/Build_04	Details	Label	text	1429767460	"•  Weapon overhaul
•  Bullet penetration
•  Modding kits
•  Trader services
•  New map & shelter"	2470	"•  武器のオーバーホール
•  弾丸の貫通力
•  改造キット
•  トレーダーのサービス
•  新マップとシェルター"			
Roadmap	Build 5	Section Title	0	literal	Scenes/Menu	tscn	Scenes/Menu	Roadmap/Builds/Build_05	Name	Label	text	1556035428	Build 5 | North	2472	ビルド5 | 北部			
Roadmap	Build 5	String	0	literal	Scenes/Menu	tscn	Scenes/Menu	Roadmap/Builds/Build_05	Date	Label	text	1898265373	TBA	2474	未定			
Roadmap	Build 5	String	0	literal	Scenes/Menu	tscn	Scenes/Menu	Roadmap/Builds/Build_05	Details	Label	text	1603967771	"•  Dynamic season
•  Train system
•  Hunting & wildlife
•  Shaman (Trader)
•  New map & shelter"	2476	"•  ダイナミックな季節
•  鉄道システム
•  狩猟と野生生物
•  シャーマン（商人）
•  新しいマップとシェルター"			
Roadmap	Build 6	Section Title	0	literal	Scenes/Menu	tscn	Scenes/Menu	Roadmap/Builds/Build_06	Name	Label	text	795440099	Build 6 | Abyss	2478	ビルド6 | アビス			
Roadmap	Build 6	String	0	literal	Scenes/Menu	tscn	Scenes/Menu	Roadmap/Builds/Build_06	Date	Label	text	2022885881	TBA	2480	未定			
Roadmap	Build 6	String	0	literal	Scenes/Menu	tscn	Scenes/Menu	Roadmap/Builds/Build_06	Details	Label	text	1847421320	"•  Sea system
•  Patrol boats
•  Scuba gear
•  Fisherman (Trader)
•  New map & shelter"	2482	"•  海洋システム
•  巡視艇
•  スキューバダイビング用具
•  漁師（商人）
•  新マップ＆避難所"			
Roadmap	Build 7	Section Title	0	literal	Scenes/Menu	tscn	Scenes/Menu	Roadmap/Builds/Build_07	Name	Label	text	1926599477	Build 7 | Enigma	2484	ビルド 7 | エニグマ			
Roadmap	Build 7	String	0	literal	Scenes/Menu	tscn	Scenes/Menu	Roadmap/Builds/Build_07	Date	Label	text	625710534	TBA	2486	未定			
Roadmap	Build 7	String	0	literal	Scenes/Menu	tscn	Scenes/Menu	Roadmap/Builds/Build_07	Details	Label	text	1842036238	"•  Dialogue system
•  SIGINT tools
•  Transmissions
•  Scientist (Trader)
•  Vostok shelter"	2488	"•  対話システム
•  SIGINTツール
•  通信
•  科学者（トレーダー）
•  ボストーク・シェルター"			
Roadmap	Build 8	Section Title	0	literal	Scenes/Menu	tscn	Scenes/Menu	Roadmap/Builds/Build_08	Name	Label	text	1469453669	Build 8 | Silent Night	2490	ビルド8 | サイレント・ナイト			
Roadmap	Build 8	String	0	literal	Scenes/Menu	tscn	Scenes/Menu	Roadmap/Builds/Build_08	Date	Label	text	2087478141	TBA	2492	未定			
Roadmap	Build 8	String	0	literal	Scenes/Menu	tscn	Scenes/Menu	Roadmap/Builds/Build_08	Details	Label	text	180614459	"•  Full questline
•  World options
•  Destruction system
•  FINSOF faction
•  New map & shelter"	2494	"•  クエストライン一式
•  ワールド設定
•  破壊システム
•  FINSOF派閥
•  新マップ＆シェルター"			
About	/	Button	0	literal	Scenes/Menu	tscn	Scenes/Menu	About	About_Return	Button	text	1908499967	← Return	2496	← 戻る			
About	Road to Vostok	Section Title	1	literal	Scenes/Menu	tscn	Scenes/Menu	About	Game	Label	text	1892643737	Road to Vostok					
About	Road to Vostok	String	0	literal	Scenes/Menu	tscn	Scenes/Menu	About/Game	Info	Label	text	599042053	"Road to Vostok ® is a hardcore single-player survival game set 
in a post-apocalyptic border zone between Finland and Russia"	2498	"『Road to Vostok ®』は、フィンランドとロシアの国境地帯を舞台にした、
ポストアポカリプス世界が舞台のハードコアなシングルプレイヤー・サバイバルゲームです"			
About	Developer	Section Title	0	literal	Scenes/Menu	tscn	Scenes/Menu	About	Developer	Label	text	2047311419	Developer	2500	開発者			
About	Developer	String	1	literal	Scenes/Menu	tscn	Scenes/Menu	About/Developer	Info	Label	text	1877874887	Road to Vostok Ltd.					
About	Country of origin	Section Title	0	literal	Scenes/Menu	tscn	Scenes/Menu	About	Country	Label	text	1878134789	Country of origin	2502	原産国			
About	Country of origin	String	0	literal	Scenes/Menu	tscn	Scenes/Menu	About/Country	Info	Label	text	1071260401	Finland	2504	フィンランド			
About	Founding date	Section Title	0	literal	Scenes/Menu	tscn	Scenes/Menu	About	Founding	Label	text	2076139329	Founding date	2506	設立日			
About	Founding date	String	0	literal	Scenes/Menu	tscn	Scenes/Menu	About/Founding	Info	Label	text	1503624243	Feb. 2022	2508	2022年2月			
About	Copyright & Legal	Section Title	0	literal	Scenes/Menu	tscn	Scenes/Menu	About	Copyright	Label	text	1237658650	Copyright & Legal	2510	著作権および法的情報			
About	Copyright & Legal	String	0	literal	Scenes/Menu	tscn	Scenes/Menu	About/Copyright	Info	Label	text	313325499	"1. Game Content
Road to Vostok © 2026 Road to Vostok Ltd. All rights reserved.

2. Trademarks
Road to Vostok ® is registered trademark of Road to Vostok Ltd.

3. Engine
Road to Vostok ® is powered by open source Godot Engine"	2512	"1. ゲームコンテンツ
Road to Vostok © 2026 Road to Vostok Ltd. All rights reserved.

2. 商標
Road to Vostok ® は Road to Vostok Ltd. の登録商標です。

3. エンジン
Road to Vostok ® はオープンソースの Godot Engine を採用しています。"			
About	Engine License (MIT)	Section Title	0	literal	Scenes/Menu	tscn	Scenes/Menu	About	License	Label	text	1816856596	Engine License (MIT)	2514	エンジンライセンス（MIT）			
About	Engine License (MIT)	String	0	literal	Scenes/Menu	tscn	Scenes/Menu	About/License	MIT	Label	text	921896888	"This game uses Godot Engine, available under the following license:

Copyright © 2014-present Godot Engine contributors.
Copyright © 2007-2014 Juan Linietsky, Ariel Manzur.

Permission is hereby granted, free of charge, to any person obtaining a copy
of this software and associated documentation files (the ""Software""), to deal
in the Software without restriction, including without limitation the rights
to use, copy, modify, merge, publish, distribute, sublicense, and/or sell
copies of the Software, and to permit persons to whom the Software is
furnished to do so, subject to the following conditions:

The above copyright notice and this permission notice shall be included in all
copies or substantial portions of the Software.

THE SOFTWARE IS PROVIDED ""AS IS"", WITHOUT WARRANTY OF ANY KIND, EXPRESS OR
IMPLIED, INCLUDING BUT NOT LIMITED TO THE WARRANTIES OF MERCHANTABILITY,
FITNESS FOR A PARTICULAR PURPOSE AND NONINFRINGEMENT. IN NO EVENT SHALL THE
AUTHORS OR COPYRIGHT HOLDERS BE LIABLE FOR ANY CLAIM, DAMAGES OR OTHER
LIABILITY, WHETHER IN AN ACTION OF CONTRACT, TORT OR OTHERWISE, ARISING FROM,
OUT OF OR IN CONNECTION WITH THE SOFTWARE OR THE USE OR OTHER DEALINGS IN THE
SOFTWARE."	2516	"本ゲームはGodot Engineを使用しており、以下のライセンスに基づいて提供されています：

Copyright © 2014-現在 Godot Engine 貢献者。
Copyright © 2007-2014 Juan Linietsky, Ariel Manzur。

本ソフトウェアおよび関連するドキュメントファイル（以下「本ソフトウェア」という）の
コピーを入手した者に対し、以下の条件に従うことを条件として、本ソフトウェアを
制限なく利用する権利（本ソフトウェアのコピーを使用、複製、改変、統合、公開、
頒布、サブライセンス、および／または販売する権利を含むが、これらに限定されない）
ならびに本ソフトウェアの提供を受けた者に対し同様の行為を許可する権利を、
無償で付与する。

本ソフトウェアのすべての複製物またはその主要な部分には、
上記の著作権表示および本許諾表示を含めるものとします。

本ソフトウェアは「現状有姿」で提供され、商品性、特定目的への適合性、および
非侵害性を含むがこれらに限定されない、明示的または黙示的ないかなる種類の保証も
行われません。 いかなる場合においても、
著作者または著作権者は、契約、不法行為、その他いかなる法的根拠に基づくものであれ、
本ソフトウェア、または本ソフトウェアの使用もしくはその他の取り扱いから、
あるいはそれらに関連して生じるいかなる請求、損害、その他の
責任についても、一切の責任を負わないものとします。"			
Loading	/	String	0	literal	Resources/Loader	tscn	Resources/Loader	Screen	Label	Label	text	1588621536	Loading...	2518	読み込み中...			
			0	substr	Scripts/Loader	gd			label.text	literal		364	Loading...	2520	読み込み中...			
Loading	/	String	0	pattern	Scripts/Loader	gd			label.text	concat		227	Loading {scene}...	2522	Loading {scene}...	Dynamically changed on Scripts/Loader.gd at func LoadScene(scene: String), var scenePath: String		
Loading	/	String	0	literal			Resources/Loader	Screen	Label	Label			Loading Intro...	2524	イントロを読み込み中...	Dynamically changed on Scripts/Loader.gd at func LoadScene(scene: String), var scenePath: String		
Loading	/	String	0	literal			Resources/Loader	Screen	Label	Label			Loading Cabin...	2526	キャビンを読み込み中...	Dynamically changed on Scripts/Loader.gd at func LoadScene(scene: String), var scenePath: String		
Loading	/	String	0	literal			Resources/Loader	Screen	Label	Label			Loading Tutorial...	2528	チュートリアルを読み込んでいます...	Dynamically changed on Scripts/Loader.gd at func LoadScene(scene: String), var scenePath: String		
Loading	/	String	0	literal			Resources/Loader	Screen	Label	Label			Loading Menu...	2530	メニューを読み込み中...	Dynamically changed on Scripts/Loader.gd at func LoadScene(scene: String), var scenePath: String		
Loading	/	String	0	literal			Resources/Loader	Screen	Label	Label			Loading Attic...	2532	屋根裏部屋の読み込み中...	Dynamically changed on Scripts/Loader.gd at func LoadScene(scene: String), var scenePath: String		
Loading	/	String	0	literal			Resources/Loader	Screen	Label	Label			Loading Death...	2534	「死」を読み込み中...	Dynamically changed on Scripts/Loader.gd at func LoadScene(scene: String), var scenePath: String		
Loading	/	String	0	literal			Resources/Loader	Screen	Label	Label			Loading Classroom...	2536	教室を読み込み中...	Dynamically changed on Scripts/Loader.gd at func LoadScene(scene: String), var scenePath: String		
Loading	/	String	0	literal			Resources/Loader	Screen	Label	Label			Loading Tent...	2538	テントを読み込み中...	Dynamically changed on Scripts/Loader.gd at func LoadScene(scene: String), var scenePath: String		
Loading	/	String	0	literal			Resources/Loader	Screen	Label	Label			Loading Bunker...	2540	バンカーを読み込み中...	Dynamically changed on Scripts/Loader.gd at func LoadScene(scene: String), var scenePath: String		
Loading	/	String	0	literal			Resources/Loader	Screen	Label	Label			Loading Village...	2542	村を読み込んでいます...	Dynamically changed on Scripts/Loader.gd at func LoadScene(scene: String), var scenePath: String		
Loading	/	String	0	literal			Resources/Loader	Screen	Label	Label			Loading Highway...	2544	高速道路を読み込み中...	Dynamically changed on Scripts/Loader.gd at func LoadScene(scene: String), var scenePath: String		
Loading	/	String	0	literal			Resources/Loader	Screen	Label	Label			Loading School...	2546	学校を読み込み中...	Dynamically changed on Scripts/Loader.gd at func LoadScene(scene: String), var scenePath: String		
Loading	/	String	0	literal			Resources/Loader	Screen	Label	Label			Loading Outpost...	2548	「アウトポスト」を読み込み中...	Dynamically changed on Scripts/Loader.gd at func LoadScene(scene: String), var scenePath: String		
Loading	/	String	0	literal			Resources/Loader	Screen	Label	Label			Loading Minefield...	2550	地雷原を読み込み中...	Dynamically changed on Scripts/Loader.gd at func LoadScene(scene: String), var scenePath: String		
Loading	/	String	0	literal			Resources/Loader	Screen	Label	Label			Loading Apartments...	2552	アパートメントを読み込み中...	Dynamically changed on Scripts/Loader.gd at func LoadScene(scene: String), var scenePath: String		
Loading	/	String	0	literal			Resources/Loader	Screen	Label	Label			Loading Terminal...	2554	ターミナルを読み込み中...	Dynamically changed on Scripts/Loader.gd at func LoadScene(scene: String), var scenePath: String		
Loading	/	String	0	literal			Resources/Loader	Screen	Label	Label			Loading Template...	2556	テンプレートを読み込み中...	Dynamically changed on Scripts/Loader.gd at func LoadScene(scene: String), var scenePath: String		
Loading	/	#Not Checked	0	literal	UI/Loading	tscn	UI/Loading	Screen	Label	Label	text	1018900388	Loading shaders...	2558	シェーダーを読み込んでいます...	Dynamically changed on Scripts/Loader.gd at func LoadScene(scene: String), var scenePath: String		
Intro	/	String	0	literal	Scenes/Intro	tscn	Scenes/Intro	Intro/UI	Hint	Label	text	897130389	Skip Intro [SPACE]	2560	イントロをスキップ [スペース]			
Intro	/	String	0	substr	Scripts/Intro	gd			hint.text	literal		28	Skip Intro [SPACE]	2562	イントロをスキップ [スペース]			
Intro	/	String	0	ignore	Scripts/Intro	gd			hint.text	literal		29	Skip Intro [SPACE]					
Intro	/	String	0	ignore	Scripts/Intro	gd			hint.text	literal		30	Skip Intro [SPACE]					
Death	/	String	0	literal	Scenes/Death	tscn	Scenes/Death	Main	Hint	Label	text	1234347869	Character died	2564	キャラクターが死亡しました			
Death	/	String	0	substr	Scripts/Death	gd			hint.text	literal		33	All save files deleted	2566	保存されたファイルがすべて削除されました			
Death	/	String	0	substr	Scripts/Death	gd			hint.text	literal		36	Character died	2568	キャラクターが死亡しました			
Death	/	String	0	literal	Scenes/Death	tscn	Scenes/Death	Main/Buttons	Load	Button	text	1117002096	Load game	2570	ゲームを読み込む			
Death	/	String	0	literal	Scenes/Death	tscn	Scenes/Death	Main/Buttons	Menu	Button	text	2017574782	"Main Menu
"	2572	メインメニュー			
Death	/	String	0	literal	Scenes/Death	tscn	Scenes/Death	Main/Buttons	Quit	Button	text	246735259	"Quit
"	2574	終了			
/	Scene	Name	0	substr									Intro	2576	はじめに			
/	Scene	Name	0	substr									Cabin	2578	キャビン	Defined at Loader.gd: const shelters		
/	Scene	Name	0	substr									Shelter	2580	シェルター			
/	Scene	Name	0	substr									Tutorial	2582	チュートリアル			
/	Scene	Name	0	substr									Menu	2584	メニュー			
/	Scene	Name	0	substr									Attic	2586	屋根裏部屋	Defined at Loader.gd: const shelters		
/	Scene	Name	0	substr									Death	2588	死			
/	Scene	Name	0	substr									Classroom	2590	教室	Defined at Loader.gd: const shelters		
/	Scene	Name	0	substr									Tent	2592	テント	Defined at Loader.gd: const shelters		
/	Scene	Name	0	substr									Bunker	2594	バンカー	Defined at Loader.gd: const shelters		
/	Scene	Name	0	substr									Village	2596	村			
/	Scene	Name	0	substr									Area 05	2598	エリア05			
/	Scene	Name	0	substr									Highway	2600	高速道路			
/	Scene	Name	0	substr									School	2602	学校			
/	Scene	Name	0	substr									Outpost	2604	前哨基地			
/	Scene	Name	0	substr									Border Zone	2606	国境地帯			
/	Scene	Name	0	substr									Minefield	2608	地雷原			
/	Scene	Name	0	substr									Apartments	2610	アパート			
/	Scene	Name	0	substr									Terminal	2612	ターミナル			
/	Scene	ToolTip	0	substr									Tutorial Exit	2614	チュートリアルの終了			
/	Scene	Name	0	substr									Template	2616	テンプレート			
/	Scene	#Not Checked	0	substr									shaders	2618	シェーダー			
NPC	Traders	Name	0	substr									Trader	2620	トレーダー			
NPC	Traders	Name	0	substr	Traders/Generalist/Generalist	tres				name			Generalist	2622	ジェネラリスト			
NPC	Traders	Name	0	substr	Traders/Doctor/Doctor	tres				name			Doctor	2624	医師			
NPC	Traders	Name	0	substr	Traders/Gunsmith/Gunsmith	tres				name			Gunsmith	2626	銃器職人			
NPC	Traders	Name	0	substr									Driver	2628	ドライバー			
NPC	Traders	Name	0	substr									Grandma	2630	おばあちゃん			
NPC	Traders	Name	0	substr									Shaman	2632	シャーマン			
NPC	Traders	Name	0	substr									Fisherman	2634	漁師			
NPC	Traders	Name	0	substr									Scientist	2636	科学者			
NPC	Hostile	Name	0	substr									Bandit	2638	バンディット	Hostile NPC faction spawned in Area 05;		
NPC	Hostile	Name	0	substr									Guards	2640	警備員	Hostile NPC faction spawned in Border Zone;		
NPC	Hostile	Name	0	substr									Military	2642	軍事	Hostile NPC faction spawned in Vostok;		
NPC	Elite	Name	0	substr									Punisher	2644	パニッシャー	Hostile Elite(Boss) NPC spawned in Area 05;		
/	Weather	Dictionary	0	substr									Neutral	2646	中立			
/	Weather	Dictionary	0	substr									Overcast	2648	曇り			
/	Weather	Dictionary	0	substr									Rain	2650	雨			
/	Weather	Dictionary	0	substr									Storm	2652	嵐			
/	Material	Dictionary	0	substr									Generic	2654	一般			
/	Material	Dictionary	0	substr									Wood	2656	木材			
/	Material	Dictionary	0	substr									Metal	2658	金属			
/	Material	Dictionary	0	substr									Concrete	2660	コンクリート			
/	Material	Dictionary	0	substr									Rock	2662	ロック			
/	Material	Dictionary	0	substr									Vostok	2664	ボストーク			
