WHERE	SUB	KIND	untranslatable	method	filename	filetype	location	parent	name	type	property	unique_id	text	translation	DESCRIPTION	Comments		max_length
HUD	Vitals	Name	0	literal	UI/HUD	tscn	UI/HUD	Stats/Vitals/Elements/Health	Header	Label	text	603466053	Health	健康				
HUD	Vitals	Number	1	literal	UI/HUD	tscn	UI/HUD	Stats/Vitals/Elements/Health	Value	Label	text	516107320	100		Value(Integer) about the Vital. Untranslatable.			
HUD	Vitals	Name	0	literal	UI/HUD	tscn	UI/HUD	Stats/Vitals/Elements/Energy	Header	Label	text	670620339	Energy	能源				
HUD	Vitals	Number	1	literal	UI/HUD	tscn	UI/HUD	Stats/Vitals/Elements/Energy	Value	Label	text	1917083862	100		Value(Integer) about the Vital. Untranslatable.			
HUD	Vitals	Name	0	literal	UI/HUD	tscn	UI/HUD	Stats/Vitals/Elements/Hydration	Header	Label	text	95381615	Hydration	水分補充				
HUD	Vitals	Number	1	literal	UI/HUD	tscn	UI/HUD	Stats/Vitals/Elements/Hydration	Value	Label	text	1020179490	100		Value(Integer) about the Vital. Untranslatable.			
HUD	Vitals	Name	0	literal	UI/HUD	tscn	UI/HUD	Stats/Vitals/Elements/Mental	Header	Label	text	1182073718	Mental	心理				
HUD	Vitals	Number	1	literal	UI/HUD	tscn	UI/HUD	Stats/Vitals/Elements/Mental	Value	Label	text	233375463	100		Value(Integer) about the Vital. Untranslatable.			
HUD	Vitals	Name	0	literal	UI/HUD	tscn	UI/HUD	Stats/Vitals/Elements/Temperature	Header	Label	text	548621046	Body Temp	體溫				
HUD	Vitals	Number	1	literal	UI/HUD	tscn	UI/HUD	Stats/Vitals/Elements/Temperature	Value	Label	text	783345645	100		Value(Integer) about the Vital. Untranslatable.			
HUD	Oxygen	Name	0	literal	UI/HUD	tscn	UI/HUD	Stats/Oxygen	Header	Label	text	1111197778	Oxygen	氧氣				
HUD	FPS	Name	1	literal	UI/HUD	tscn	UI/HUD	Info	FPS	Label	text	978945884	FPS:					
HUD	FPS	Number	1	literal	UI/HUD	tscn	UI/HUD	Info/FPS	Frames	Label	text	1878730828	100		Value(Integer) about the FPS. Untranslatable.			
HUD	Map	String	0	literal	UI/HUD	tscn	UI/HUD	Info	Map	Label	text	669948775	Shelter (Area 05)	庇護所（第05區）				
Inventory	Inventory	Name	0	substr	UI/Interface	tscn	UI/Interface	Inventory/Header	Label	Label	text	1238390815	Inventory	庫存				
Inventory	Inventory	Number	1	literal	UI/Interface	tscn	UI/Interface	Inventory/Header/Capacity	Value	Label	text	1550478440	10.0		Value(Float) about Capacity. Untranslatable.			
Inventory	Inventory	Number	1	literal	UI/Interface	tscn	UI/Interface	Inventory/Header/Weight	Value	Label	text	869816525	10.0		Value(Float) about Weight. Untranslatable.			
Inventory	Inventory	Number	1	literal	UI/Interface	tscn	UI/Interface	Inventory/Header/Value	Value	Label	text	935384867	1000		Value(Float) about Value(Money). Untranslatable.			
Inventory	#Not Checked	Name	0	literal	UI/Interface	tscn	UI/Interface	Container/Header	Label	Label	text	933468815	Container	容器				
Inventory	#Not Checked	Number	1	literal	UI/Interface	tscn	UI/Interface	Container/Header/Weight	Value	Label	text	1694562359	10.0		Value(Float) about Weight. Untranslatable.			
Inventory	#Not Checked	Number	1	literal	UI/Interface	tscn	UI/Interface	Container/Header/Value	Value	Label	text	1546545276	1000		Value(Float) about Weight. Untranslatable.			
Inventory	Equipment	Name	0	literal	UI/Interface	tscn	UI/Interface	Equipment/Header	Label	Label	text	1884293598	Equipment	設備				
Inventory	Equipment	Number	1	literal	UI/Interface	tscn	UI/Interface	Equipment/Stats/Elements/Capacity	Value	Label	text	946326047	10kg		Value(Float) about Capacity. Untranslatable.			
Inventory	Equipment	Number	1	literal	UI/Interface	tscn	UI/Interface	Equipment/Stats/Elements/Value	Value	Label	text	754357259	1000		Value(Float) about Value. Untranslatable.			
Inventory	Equipment	Number	1	literal	UI/Interface	tscn	UI/Interface	Equipment/Stats/Elements/Insulation	Value	Label	text	2074544507	100		Value(Float) about Insulation. Untranslatable.			
Inventory	Equipment	Number	1	literal	UI/Interface	tscn	UI/Interface	Equipment/Stats/Elements/Dexterity	Value	Label	text	1926333421	N/A		Value(Float) about Dexterity. Untranslatable.			
Inventory	Equipment	Number	1	literal	UI/Interface	tscn	UI/Interface	Equipment/Stats/Elements/Menace	Value	Label	text	1502959584	N/A		Value(Float) about Menace. Untranslatable.			
Inventory	Equipment	Number	1	literal	UI/Interface	tscn	UI/Interface	Equipment/Stats/Elements/CBRN	Value	Label	text	1616081859	N/A		Value(Float) about CBRN. Untranslatable.			
Inventory	Equipment	String	0	substr	UI/Interface	tscn	UI/Interface	Equipment/Hints	Primary	Label	text	1523548177	Primary	小學	Inventory Slot for Primary Weapon			
Inventory	Equipment	String	0	substr	UI/Interface	tscn	UI/Interface	Equipment/Hints	Secondary	Label	text	1535383739	Secondary	中學	Inventory Slot for Secondory Weapon			
Inventory	Equipment	String	0	static	UI/Interface	tscn	UI/Interface	Equipment/Hints	Knife	Label	text	1618456497	Knife	刀	Inventory Slot for Knife			
Inventory	Equipment	String	0	static	UI/Interface	tscn	UI/Interface	Equipment/Hints	Grenade_A	Label	text	2020142644	Grenade	手榴彈	Inventory Slot for Grenade1			
Inventory	Equipment	String	0	static	UI/Interface	tscn	UI/Interface	Equipment/Hints	Grenade_B	Label	text	225203314	Grenade	手榴彈	Inventory Slot for Grenade2			
Inventory	Equipment	String	0	literal	UI/Interface	tscn	UI/Interface	Equipment/Hints	Backpack	Label	text	1404921178	Backpack	後背包	Inventory Slot for Backpack			
Inventory	Equipment	String	0	literal	UI/Interface	tscn	UI/Interface	Equipment/Hints	Rig	Label	text	6646091	Rig	鑽井平台	Inventory Slot for Rig(Vest)			
Inventory	Equipment	String	0	literal	UI/Interface	tscn	UI/Interface	Equipment/Hints	Helmet	Label	text	460450702	Helmet	頭盔	Inventory Slot for Helmet			
Inventory	Equipment	String	0	literal	UI/Interface	tscn	UI/Interface	Equipment/Hints	Head	Label	text	679951874	Head	標題	Inventory Slot for Hat/Cap			
Inventory	Equipment	String	0	literal	UI/Interface	tscn	UI/Interface	Equipment/Hints	Torso	Label	text	1785640336	Torso	軀幹	Inventory Slot for Jacket			
Inventory	Equipment	String	0	literal	UI/Interface	tscn	UI/Interface	Equipment/Hints	Legs	Label	text	1393203263	Legs	腿	Inventory Slot for Pants			
Inventory	Equipment	String	0	literal	UI/Interface	tscn	UI/Interface	Equipment/Hints	Belt	Label	text	479737044	Belt	皮帶	Inventory Slot for Belt			
Inventory	Equipment	String	0	literal	UI/Interface	tscn	UI/Interface	Equipment/Hints	Feet	Label	text	204086442	Feet	腳	Inventory Slot for Shoes			
Inventory	Equipment	String	0	literal	UI/Interface	tscn	UI/Interface	Equipment/Hints	Hands	Label	text	198457121	Hands	雙手	Inventory Slot for Gloves			
Inventory	Equipment	String	0	literal	UI/Interface	tscn	UI/Interface	Equipment/Hints	Matches	Label	text	206050872	Matches	比賽	Inventory Slot for Matches(lighter)			
Inventory	Equipment	String	0	literal	UI/Interface	tscn	UI/Interface	Equipment/Hints	Light	Label	text	766698271	Light	光	Inventory Slot for FlashLight			
Inventory	Equipment	String	0	literal	UI/Interface	tscn	UI/Interface	Equipment/Hints	NVG	Label	text	1987230797	NVG	NVG	Inventory Slot for Night Vision Goggle (NVG)			
Inventory	Equipment	String	0	literal	UI/Interface	tscn	UI/Interface	Equipment/Hints	Time	Label	text	242410779	Time	時間	Inventory Slot for Clock(Time)			
Inventory	Equipment	String	0	literal	UI/Interface	tscn	UI/Interface	Equipment/Hints	Map	Label	text	1226245073	Map	地圖	Inventory Slot for Map			
Inventory	Equipment	String	0	literal	UI/Interface	tscn	UI/Interface	Equipment/Hints	Player	Label	text	387223612	Player	玩家	"Inventory Slot for Carest/MP3 ""Player"""			
Inventory	Vitals	Dictionary	0	substr									Vital	至關重要	allow conflict			
Inventory	Vitals	String	0	literal	UI/Interface	tscn	UI/Interface	Character/Header	Label	Label	text	1865441360	Character	角色				
Inventory	Vitals	String	0	literal	UI/Interface	tscn	UI/Interface	Character/Vitals/Elements/Health	Header	Label	text	513186862	Health	健康	Player's Status about Health Point (HP)			
Inventory	Vitals	Number	1	literal	UI/Interface	tscn	UI/Interface	Character/Vitals/Elements/Health	Value	Label	text	1295606911	100					
Inventory	Vitals	String	0	literal	UI/Interface	tscn	UI/Interface	Character/Vitals/Elements/Energy	Header	Label	text	901144411	Energy	能源	Player's Status about Energy			
Inventory	Vitals	Number	1	literal	UI/Interface	tscn	UI/Interface	Character/Vitals/Elements/Energy	Value	Label	text	1328234008	100					
Inventory	Vitals	String	0	literal	UI/Interface	tscn	UI/Interface	Character/Vitals/Elements/Hydration	Header	Label	text	732747301	Hydration	水分補充	Player's Status about Hydration (Water)			
Inventory	Vitals	Number	1	literal	UI/Interface	tscn	UI/Interface	Character/Vitals/Elements/Hydration	Value	Label	text	369882634	100					
Inventory	Vitals	String	0	literal	UI/Interface	tscn	UI/Interface	Character/Vitals/Elements/Mental	Header	Label	text	549949429	Mental	心理	Player's Status about Mental			
Inventory	Vitals	Number	1	literal	UI/Interface	tscn	UI/Interface	Character/Vitals/Elements/Mental	Value	Label	text	1284125401	100					
Inventory	Vitals	String	0	literal	UI/Interface	tscn	UI/Interface	Character/Vitals/Elements/Temperature	Header	Label	text	513878939	Body Temp	體溫	Player's Status about Body Temparature			
Inventory	Vitals	Number	1	literal	UI/Interface	tscn	UI/Interface	Character/Vitals/Elements/Temperature	Value	Label	text	296811298	100					
Inventory	Vitals	String	0	literal	UI/Interface	tscn	UI/Interface	Character/Vitals/Elements/Cat	Header	Label	text	1518608138	Cat	貓	Cat's Status			
Inventory	Vitals	Number	1	literal	UI/Interface	tscn	UI/Interface	Character/Vitals/Elements/Cat	Value	Label	text	1018287444	100					
Inventory	Stats	String	0	literal	UI/Interface	tscn	UI/Interface	Character/Stats/Elements/Day	Header	Label	text	1109525872	Day	日	Number of days the player survived			
Inventory	Stats	Number	1	literal	UI/Interface	tscn	UI/Interface	Character/Stats/Elements/Day	Value	Label	text	1240729266	00					
Inventory	Stats	String	0	literal	UI/Interface	tscn	UI/Interface	Character/Stats/Elements/Shelters	Header	Label	text	1851257454	Shelters	收容所	Number of Shelters that unlocked			
Inventory	Stats	Number	1	literal	UI/Interface	tscn	UI/Interface	Character/Stats/Elements/Shelters	Value	Label	text	2095489427	00					
Inventory	Stats	String	0	literal	UI/Interface	tscn	UI/Interface	Character/Stats/Elements/Tasks	Header	Label	text	1185925254	Tasks	任務	Number of Tasks that cleared			
Inventory	Stats	Number	1	literal	UI/Interface	tscn	UI/Interface	Character/Stats/Elements/Tasks	Value	Label	text	524159291	00					
Inventory	Stats	String	0	literal	UI/Interface	tscn	UI/Interface	Character/Stats/Elements/Quests	Header	Label	text	388304922	Quests	任務	Number of Quests that cleard			
Inventory	Stats	Number	1	literal	UI/Interface	tscn	UI/Interface	Character/Stats/Elements/Quests	Value	Label	text	1544204612	00					
Inventory	Stats	String	1	literal	UI/Interface	tscn	UI/Interface	Character/Stats/Elements/CDS	Header	Label	text	805022352	CDS		Number of Civil Defence Shelters (Not Updated yet)			
Inventory	Stats	Number	1	literal	UI/Interface	tscn	UI/Interface	Character/Stats/Elements/CDS	Value	Label	text	844069195	00					
Inventory	Stats	String	1	literal	UI/Interface	tscn	UI/Interface	Character/Stats/Elements/?	Value	Label	text	555481365	?		Wating for Update			
Inventory	Stats	Number	1	ignore									?		Wating for Update			
Inventory	Tools	String	0	literal	UI/Interface	tscn	UI/Interface	Tools/Header	Label	Label	text	1546804398	Tools	工具				
Inventory	Tools	Button	0	literal	UI/Interface	tscn	UI/Interface	Tools/Buttons/Margin/Buttons	Events	Button	text	1536854974	Events	活動				
Inventory	Tools	Button	0	literal	UI/Interface	tscn	UI/Interface	Tools/Buttons/Margin/Buttons	Crafting	Button	text	147394670	Crafting	手工藝				
Inventory	Tools/Crafting	String	0	literal	UI/Interface	tscn	UI/Interface	Tools/Crafting/Types/Margin/Buttons/Proximity/Margin/Icons	Hint	Label	text	2049901746	Proximity	鄰近性				
Inventory	Tools/Task Note	Button	0	literal	UI/Interface	tscn	UI/Interface	Tools/Buttons/Margin/Buttons	Notes	Button	text	1195357255	Task Notes	任務備註				
Inventory	Tools/Task Note	String	0	literal	UI/Interface	tscn	UI/Interface	Tools/Notes	Hint	Label	text	1203883391	Task Notes empty	任務備註為空	"Task Note will only display this Strings when there's any task added in the Task Note.
It's already defined in scn(node), but also can be Dynamically changed by Scripts/Interface.gd: notesHint.text"			
Inventory	Tools/Task Note	String	0	literal			UI/Interface	Tools/Notes	Hint	Label			Task Notes not available (Tutorial)	任務筆記無法使用（教學）	"Task Note will only display this Strings when there's any task added in the Task Note. But, only for Tutorial.
Dynamically changed by Scripts/Interface.gd: notesHint.text"			
Inventory	Tools/Task Note	String	0	substr	Scripts/Interface	gd			notesHint.text	literal		790	Task Notes empty	任務備註為空				
Inventory	Tools/Task Note	String	0	substr	Scripts/Interface	gd			notesHint.text	literal		789	Task Notes not available (Tutorial)	任務筆記無法使用（教學）				
Inventory	Tools/Map	Button	0	literal	UI/Interface	tscn	UI/Interface	Tools/Buttons/Margin/Buttons	Map	Button	text	1552392911	World Map	世界地圖				
Inventory	Tools/Map	String	0	literal	UI/Interface	tscn	UI/Interface	Tools/Map	Hint	Label	text	281957772	Map not equipped	未裝備地圖				
Inventory	Tools/Map	String	0	literal	UI/Interface	tscn	UI/Interface	Tools/Map	Hint	Label	text		Map not usable (Vostok)	地圖無法使用（沃斯托克）				
Inventory	Tools/Map	String	0	substr	Scripts/Interface	gd			mapHint.text	literal		804	Map not equipped	未裝備地圖				
Inventory	Tools/Map	String	0	substr	Scripts/Interface	gd			mapHint.text	literal		814	Map not usable (Vostok)	地圖無法使用（沃斯托克）				
Inventory	Tools/Map	String	0	literal	UI/Interface	tscn	UI/Interface	Tools/Map/Elements/Controls/Margin/Elements	Controls	Label	text	746211859	"Pan = [LMB]
Zoom = [SCROLL]"	"平移 = [左鍵]
縮放 = [滾輪]"				
Inventory	Tools/Map	Button	0	literal	UI/Interface	tscn	UI/Interface	Tools/Map/Elements/Controls/Margin/Elements	Focus	Button	text	2118767671	Focus map	焦點地圖	Focuse the Map to Player's Location			
Inventory	Tools/Casette	Button	0	literal	UI/Interface	tscn	UI/Interface	Tools/Buttons/Margin/Buttons	Casette	Button	text	475687047	Casette Player	卡式錄音機				
Inventory	Tools/Casette	String	0	literal	UI/Interface	tscn	UI/Interface	Tools/Casette	Hint	Label	text	1237181255	Casette Player not equipped	未配備卡式錄音機				
Inventory	Tools/Casette	String	0	substr	Scripts/Interface	gd			casetteHint.text	literal		864	Casette Player not equipped	未配備卡式錄音機				
Inventory	Tools/Casette	String	0	substr	Scripts/Interface	gd			casetteHint.text	literal		874	Casette Player power 0%, recharge player	卡式播放器電量 0%，請為播放器充電				
Inventory	Tools/Casette	String	0	substr	Scripts/Interface	gd			casetteHint.text	literal		882	Casette Player empty, insert casette	卡帶播放器為空，請放入卡帶				
Inventory	Tools/Casette	String	0	literal	UI/Interface	tscn	UI/Interface	Tools/Casette/Elements/Header/Panel/Margin/Preview	Warning	Label	text	359158951	This casette includes licenced music (Content warning)	本卡帶包含授權音樂（內容警示）				
Inventory	Tools/Casette	String	0	literal	UI/Interface	tscn	UI/Interface	Tools/Casette/Elements/Header/Panel/Margin/Preview/Casette/Margin	Name	Label	text	291200390	Casette Name	卡帶名稱				
Inventory	Tools/Casette	String	1	literal	UI/Interface	tscn	UI/Interface	Tools/Casette/Elements/Header/Panel/Margin/Preview/Battery/Margin	Condition	Label	text	698750491	🗲 100%					
Inventory	Tools/Casette	String	1	literal	UI/Interface	tscn	UI/Interface	Tools/Casette/Elements/Volume/Panel/Margin/Settings	Volume	Label	text	808262872	Volume  🕪					
Inventory	Tools/Casette	Button	0	literal	UI/Interface	tscn	UI/Interface	Tools/Casette/Elements/Volume/Panel/Margin/Settings	Override	Button	text	592940633	Override Ambient Music [ON]	覆寫環境音樂 [開啟]	Casette will Overide the Ambient Music when it's ON			
Inventory	Tools/Casette	Button	0	literal			UI/Interface	Tools/Casette/Elements/Volume/Panel/Margin/Settings	Override	Button			Override Ambient Music [OFF]	覆寫環境音樂 [關閉]	"Casette will Overide the Ambient Music when it's ON.
Dynamically changed by Scripts/Audio.gd"			
Inventory	Tools/Casette	Button	0	substr	Scripts/Interface	gd			overrideButton.text	literal		937	Override Ambient Music [ON]	覆寫環境音樂 [開啟]				
Inventory	Tools/Casette	Button	0	substr	Scripts/Interface	gd			overrideButton.text	literal		942	Override Ambient Music [OFF]	覆寫環境音樂 [關閉]				
Inventory	Tools	Button	0	literal	UI/Interface	tscn	UI/Interface	Tools/Buttons/Margin/Buttons	Nomads	Button	text	1816980947	Nomads	遊牧民族				
Traders	Traders	Title	0	literal	UI/Interface	tscn	UI/Interface	Trader/Header	Label	Label	text	1225535409	Trader	交易員				
Traders	Traders	Button	0	literal	UI/Interface	tscn	UI/Interface	Trader/Panel/Buttons	Supply	Button	text	668459232	Supply	供應				
Traders	Traders	Button	0	literal	UI/Interface	tscn	UI/Interface	Trader/Panel/Buttons	Tasks	Button	text	1351545789	Tasks	任務				
Traders	Traders	String	0	literal	UI/Interface	tscn	UI/Interface	Trader/Panel/Stats	Name	Label	text	924330186	Name:	姓名：				
Traders	Traders	String	0	literal	UI/Interface	tscn	UI/Interface	Trader/Panel/Stats/Name	Value	Label	text	191837597	Trader	交易員	"Dynamically Changed as Traders/{name}/{name}.tres file's name field
by Scripts/Interface.gd (var tradername, func UpdateTraderInfo())"			
Traders	Traders/Stat	String	0	literal	UI/Interface	tscn	UI/Interface	Trader/Panel/Stats	Tax	Label	text	1262374201	Tax:	稅務：				
Traders	Traders/Stat	Number	1	literal	UI/Interface	tscn	UI/Interface	Trader/Panel/Stats/Tax	Value	Label	text	1097602043	100%					
Traders	Traders/Stat	String	0	literal	UI/Interface	tscn	UI/Interface	Trader/Panel/Stats	Tasks	Label	text	1480031378	Tasks:	任務：				
Traders	Traders/Stat	Number	1	literal	UI/Interface	tscn	UI/Interface	Trader/Panel/Stats/Tasks	Value	Label	text	473211852	0/10					
Traders	Traders/Stat	String	0	literal	UI/Interface	tscn	UI/Interface	Trader/Panel/Stats	Resupply	Label	text	1732497207	Resupply:	補給：				
Traders	Traders/Stat	Number	1	literal	UI/Interface	tscn	UI/Interface	Trader/Panel/Stats/Resupply	Value	Label	text	2068712959	10:00					
Traders	Deal	String	0	literal	UI/Interface	tscn	UI/Interface	Deal/Header	Label	Label	text	1552052318	Deal	交易				
Traders	Deal	String	0	literal	UI/Interface	tscn	UI/Interface	Deal/Panel/Indicator	Request	Label	text	2073759330	Request Value + Tax (€)	請求金額 + 稅金 (€)				
Traders	Deal	Number	1	literal	UI/Interface	tscn	UI/Interface	Deal/Panel/Indicator/Request	Value	Label	text	406005124	0					
Traders	Deal	String	0	literal	UI/Interface	tscn	UI/Interface	Deal/Panel/Indicator	Offer	Label	text	1367762677	Offer Value (€)	報價金額（歐元）				
Traders	Deal	Number	1	literal	UI/Interface	tscn	UI/Interface	Deal/Panel/Indicator/Offer	Value	Label	text	1347382898	0					
Traders	Deal	Button	0	literal	UI/Interface	tscn	UI/Interface	Deal/Panel/Buttons	Reset	Button	text	1993804430	Reset	重設				
Traders	Deal	Button	0	literal	UI/Interface	tscn	UI/Interface	Deal/Panel/Buttons	Accept	Button	text	1725440146	Accept	接受				
Traders	Supply	String	0	literal	UI/Interface	tscn	UI/Interface	Supply/Header	Label	Label	text	939810639	Supply	供應				
Traders	Supply	Number	1	literal	UI/Interface	tscn	UI/Interface	Supply/Header/Value	Value	Label	text	396765070	1000					
Traders	Tasks	String	0	literal	UI/Interface	tscn	UI/Interface	Tasks/Header	Label	Label	text	1020392665	Tasks	任務				
Inventory	Furniture Catalog	String	0	literal	UI/Interface	tscn	UI/Interface	Catalog/Header	Label	Label	text	1805281791	Furniture Catalog	家具型錄				
Inventory	Furniture Catalog	String	0	literal	UI/Interface	tscn	UI/Interface	Catalog/Header	Warning	Label	text	1218775497	Catalog is linked to your character, death will also destroy your catalog items	物品欄與您的角色綁定，死亡也會摧毀物品欄中的物品				
Inventory	Item	Button	0	literal	UI/Interface	tscn	UI/Interface	Context/Panel/Margin/Buttons	Use	Button	text	1176214056	"Use
"	使用				
Inventory	Item	Button	0	literal	UI/Interface	tscn	UI/Interface	Context/Panel/Margin/Buttons	Equip	Button	text	29815165	"Equip
"	裝備				
Inventory	Item	Button	0	literal	UI/Interface	tscn	UI/Interface	Context/Panel/Margin/Buttons	Unequip	Button	text	1416985585	"Unequip
"	卸下				
Inventory	Item	Button	0	literal	UI/Interface	tscn	UI/Interface	Context/Panel/Margin/Buttons	Unload	Button	text	380158919	"Unload
"	卸載				
Inventory	Item	Button	0	literal	UI/Interface	tscn	UI/Interface	Context/Panel/Margin/Buttons	Split	Button	text	1147150984	"Split
"	分裂				
Inventory	Item	Button	0	literal	UI/Interface	tscn	UI/Interface	Context/Panel/Margin/Buttons	Take	Button	text	1343013049	"Take
"	選取				
Inventory	Item	Button	0	literal	UI/Interface	tscn	UI/Interface	Context/Panel/Margin/Buttons	Sleep	Button	text	2093240116	"Sleep
"	睡眠				
Inventory	Item	Button	0	substr	Scripts/Context	gd			sleepButton.text	literal		133	Sleep	睡眠				
Inventory	Item	Button	0	literal	UI/Interface	tscn	UI/Interface	Context/Panel/Margin/Buttons	Transfer	Button	text	221380720	"Transfer
"	轉帳				
Inventory	Item	Button	0	literal	UI/Interface	tscn	UI/Interface	Context/Panel/Margin/Buttons	Drop	Button	text	843290863	"Drop
"	放下				
Inventory	Item	Button	0	literal	UI/Interface	tscn	UI/Interface	Context/Panel/Margin/Buttons	Place	Button	text	741000239	"Place
"	地點				
Inventory	Item	Button	0	literal	UI/Interface	tscn	UI/Interface	Context/Panel/Margin/Buttons	Destroy	Button	text	855510833	"Destroy
"	摧毀				
Inventory	Item	Button	0	pattern									Remove {name}	Remove {name}				
Inventory	Item	Button	0	literal	UI/Interface	tscn	UI/Interface	Context/Panel/Margin/Buttons	Remove_0	Button	text	1308304022	"Remove [0]
"	移除 [0]				
Inventory	Item	Button	0	literal	UI/Interface	tscn	UI/Interface	Context/Panel/Margin/Buttons	Remove_1	Button	text	457191876	"Remove [1]
"	移除 [1]				
Inventory	Item	Button	0	literal	UI/Interface	tscn	UI/Interface	Context/Panel/Margin/Buttons	Remove_2	Button	text	301616661	"Remove [2]
"	移除 [2]				
Inventory	Item	Button	0	literal	UI/Interface	tscn	UI/Interface	Context/Panel/Margin/Buttons	Remove_3	Button	text	541643648	"Remove [3]
"	移除 [3]				
Inventory	Item	String	0	literal	UI/Interface	tscn	UI/Interface	Tooltip/Panel/Margin/Elements	Title	Label	text	54863715	Coffeemaster	咖啡大師				
Inventory	Item	String	0	literal	UI/Interface	tscn	UI/Interface	Tooltip/Panel/Margin/Elements	Type	Label	text	1647182867	Consumable	耗材				
Inventory	Item	String	0	literal	UI/Interface	tscn	UI/Interface	Tooltip/Panel/Margin/Elements/Type	Rarity	Label	text	445033009	Legendary	傳奇				
Inventory	Item	String	0	literal	UI/Interface	tscn	UI/Interface	Tooltip/Panel/Margin/Elements	Info	Label	text	408195277	An item is an object within the game world that can be collected by a player.	物品是指遊戲世界中玩家可以拾取的物件。				
Inventory	Item	String	0	literal	UI/Interface	tscn	UI/Interface	Tooltip/Panel/Margin/Elements	Equipment	Label	text	1638564823	Equipment:	設備：				
Inventory	Item	String	0	literal	UI/Interface	tscn	UI/Interface	Tooltip/Panel/Margin/Elements/Equipment	Value	Label	text	1943983734	Primary	小學				
Inventory	Item	String	0	literal	UI/Interface	tscn	UI/Interface	Tooltip/Panel/Margin/Elements	Condition	Label	text	1555815389	Condition:	狀況：				
Inventory	Item	String	1	literal	UI/Interface	tscn	UI/Interface	Tooltip/Panel/Margin/Elements/Condition	Value	Label	text	1988299962	100%					
Inventory	Item	String	0	literal	UI/Interface	tscn	UI/Interface	Tooltip/Panel/Margin/Elements	Weight	Label	text	1952577429	Weight:	重量：				
Inventory	Item	String	1	literal	UI/Interface	tscn	UI/Interface	Tooltip/Panel/Margin/Elements/Weight	Value	Label	text	1243915241	100kg					
Inventory	Item	String	0	literal	UI/Interface	tscn	UI/Interface	Tooltip/Panel/Margin/Elements	Value	Label	text	1199163264	Value:	值：				
Inventory	Item	String	1	literal	UI/Interface	tscn	UI/Interface	Tooltip/Panel/Margin/Elements/Value	Value	Label	text	57981661	100€					
Inventory	Item	String	0	literal	UI/Interface	tscn	UI/Interface	Tooltip/Panel/Margin/Elements	Caliber	Label	text	109526197	Caliber:	口徑：				
Inventory	Item	String	1	literal	UI/Interface	tscn	UI/Interface	Tooltip/Panel/Margin/Elements/Caliber	Value	Label	text	332676963	9x19					
Inventory	Item	String	0	literal	UI/Interface	tscn	UI/Interface	Tooltip/Panel/Margin/Elements	Damage	Label	text	2142958581	Damage:	損害：				
Inventory	Item	String	1	literal	UI/Interface	tscn	UI/Interface	Tooltip/Panel/Margin/Elements/Damage	Value	Label	text	2093143860	100					
Inventory	Item	String	0	literal	UI/Interface	tscn	UI/Interface	Tooltip/Panel/Margin/Elements	Penetration	Label	text	930851184	Penetration:	滲透率：				
Inventory	Item	String	0	literal	UI/Interface	tscn	UI/Interface	Tooltip/Panel/Margin/Elements/Penetration	Value	Label	text	1801991368	Level 1	第 1 級				
Inventory	Item	String	0	literal			UI/Interface	Tooltip/Panel/Margin/Elements/Penetration	Value	Label		1801991368	Level 2	第 2 級				
Inventory	Item	String	0	literal			UI/Interface	Tooltip/Panel/Margin/Elements/Penetration	Value	Label		1801991368	Level 3	第 3 級				
Inventory	Item	String	0	literal			UI/Interface	Tooltip/Panel/Margin/Elements/Penetration	Value	Label		1801991368	Level 4	第 4 級				
Inventory	Item	String	0	literal			UI/Interface	Tooltip/Panel/Margin/Elements/Penetration	Value	Label		1801991368	Level 5	第 5 級				
Inventory	Item	String	0	literal			UI/Interface	Tooltip/Panel/Margin/Elements	Protection	Label		1220649414	Protection:	保護：				
Inventory	Item	String	0	pattern									Level {no}	Level {no}				
Inventory	Item	String	0	literal	UI/Interface	tscn	UI/Interface	Tooltip/Panel/Margin/Elements/Protection	Value	Label	text	357478276	Level 1	第 1 級				
Inventory	Item	String	0	substr			UI/Interface	Tooltip/Panel/Margin/Elements/Protection	Value	Label		357478276	Level 2	第 2 級				
Inventory	Item	String	0	substr			UI/Interface	Tooltip/Panel/Margin/Elements/Protection	Value	Label		357478276	Level 3	第 3 級				
Inventory	Item	String	0	substr			UI/Interface	Tooltip/Panel/Margin/Elements/Protection	Value	Label		357478276	Level 4	第 4 級				
Inventory	Item	String	0	substr			UI/Interface	Tooltip/Panel/Margin/Elements/Protection	Value	Label		357478276	Level 5	第 5 級				
Inventory	Item	String	0	literal	UI/Interface	tscn	UI/Interface	Tooltip/Panel/Margin/Elements	Capacity	Label	text	118004042	Capacity:	容量：				
Inventory	Item	Number	1	literal	UI/Interface	tscn	UI/Interface	Tooltip/Panel/Margin/Elements/Capacity	Value	Label	text	1374527003	+10kg					
Inventory	Item	String	0	literal	UI/Interface	tscn	UI/Interface	Tooltip/Panel/Margin/Elements	Insulation	Label	text	1670132552	Insulation:	隔熱：				
Inventory	Item	Number	1	literal	UI/Interface	tscn	UI/Interface	Tooltip/Panel/Margin/Elements/Insulation	Value	Label	text	1827825266	+10					
Inventory	Item	String	0	literal	UI/Interface	tscn	UI/Interface	Tooltip/Panel/Margin/Elements	Health	Label	text	636476059	Health:	健康：				
Inventory	Item	Number	1	literal	UI/Interface	tscn	UI/Interface	Tooltip/Panel/Margin/Elements/Health	Value	Label	text	1434473017	+10					
Inventory	Item	String	0	literal	UI/Interface	tscn	UI/Interface	Tooltip/Panel/Margin/Elements	Energy	Label	text	2130075686	Energy:	能源：				
Inventory	Item	Number	1	literal	UI/Interface	tscn	UI/Interface	Tooltip/Panel/Margin/Elements/Energy	Value	Label	text	501057241	+10					
Inventory	Item	String	0	literal	UI/Interface	tscn	UI/Interface	Tooltip/Panel/Margin/Elements	Hydration	Label	text	346091926	Hydration:	水分補充：				
Inventory	Item	Number	1	literal	UI/Interface	tscn	UI/Interface	Tooltip/Panel/Margin/Elements/Hydration	Value	Label	text	721142587	+10					
Inventory	Item	String	0	literal	UI/Interface	tscn	UI/Interface	Tooltip/Panel/Margin/Elements	Mental	Label	text	1325427063	Mental:	心理：				
Inventory	Item	Number	1	literal	UI/Interface	tscn	UI/Interface	Tooltip/Panel/Margin/Elements/Mental	Value	Label	text	1516623848	+10					
Inventory	Item	String	0	literal	UI/Interface	tscn	UI/Interface	Tooltip/Panel/Margin/Elements	Temperature	Label	text	1365488273	Body Temp:	體溫：				
Inventory	Item	Number	1	literal	UI/Interface	tscn	UI/Interface	Tooltip/Panel/Margin/Elements/Temperature	Value	Label	text	791196740	+10					
Inventory	Item	String	0	literal	UI/Interface	tscn	UI/Interface	Tooltip/Panel/Margin/Elements	Nested	Label	text	1670705044	Nested:	嵌套：				
Inventory	Item	String	1	literal	UI/Interface	tscn	UI/Interface	Tooltip/Panel/Margin/Elements/Nested	Value	Label	text	930284487	Hybrid, OZ5, Leopard, Magazine		PlaceHolderText, Don't need to translate (Will be handled by substr).			
Inventory	Item	String	0	literal	UI/Interface	tscn	UI/Interface	Tooltip/Panel/Margin/Elements	Cures	Label	text	1853227613	Cures:	治療方法：				
Inventory	Item	String	0	literal	UI/Interface	tscn	UI/Interface	Tooltip/Panel/Margin/Elements/Subpanel/Margin/Elements	Compatible	Label	text	1158325453	Compatible Items:	相容項目：				
Inventory	Item	String	1	literal	UI/Interface	tscn	UI/Interface	Tooltip/Panel/Margin/Elements/Subpanel/Margin/Elements	List	Label	text	784062048	Hybrid, OZ5, Leopard, Magazine, Batteries, ACOG		PlaceHolderText, Don't need to translate (Will be handled by substr).			
Inventory	Tools/Craft	String	0	substr	Scripts/Recipe	gd			inputButton.text	literal		218	Heat required	需加熱				
Inventory	Tools/Craft	String	0	substr	Scripts/Recipe	gd			inputButton.text	literal		229	Workbench required	需配備工作檯				
Inventory	Tools/Craft	String	0	substr	Scripts/Recipe	gd			inputButton.text	literal		240	Shelter required	需要庇護所				
Inventory	Tools/Craft	String	0	literal	UI/Elements/Item	tscn	UI/Elements/Item	Details	Abbreviation	Label	text	636382564	Item	項目				
Inventory	#Not Checked	String	1	literal	UI/Elements/Item	tscn	UI/Elements/Item	Details	Condition	Label	text	964274680	100%					
Inventory	#Not Checked	String	1	literal	UI/Elements/Item	tscn	UI/Elements/Item	Details	Amount	Label	text	1646293271	1					
Inventory	#Not Checked	String	0	literal	UI/Profiler	tscn	UI/Profiler	Panel/Margin	Label	Label	text	264383942	Profiler	分析工具	Developer Only			
Inventory	Tools/Craft	Button	0	literal	UI/Elements/Recipe	tscn	UI/Elements/Recipe	Margin/Elements/Header	Show	Button	text	1535717137	Show	顯示				
Inventory	Tools/Craft	String	0	literal	UI/Elements/Recipe	tscn	UI/Elements/Recipe	Margin/Elements/Header	Title	Label	text	471335200	Recipe Name	食譜名稱				
Inventory	Tools/Craft	String	1	literal	UI/Elements/Recipe	tscn	UI/Elements/Recipe	Margin/Elements/Header	Time	Label	text	868992173	01:00					
Inventory	Tools/Craft	String	0	literal	UI/Elements/Recipe	tscn	UI/Elements/Recipe	Margin/Elements/Content	Input	Label	text	914823117	Input:	輸入：				
Inventory	Tools/Craft	String	1	literal	UI/Elements/Recipe	tscn	UI/Elements/Recipe	Margin/Elements/Content/Input	Items	Label	text	1416326051	Item, Item, Item, Item		PlaceHolderText, Don't need to translate (Will be handled by substr).			
Inventory	Tools/Craft	String	0	literal	UI/Elements/Recipe	tscn	UI/Elements/Recipe	Margin/Elements/Content	Output	Label	text	102542488	Output:	輸出：				
Inventory	Tools/Craft	String	1	literal	UI/Elements/Recipe	tscn	UI/Elements/Recipe	Margin/Elements/Content/Output	Items	Label	text	968539697	Item, Item, Item, Item		PlaceHolderText, Don't need to translate (Will be handled by substr).			
Inventory	Tools/Craft	Button	0	literal	UI/Elements/Recipe	tscn	UI/Elements/Recipe	Margin/Elements/Content/Buttons	Input	Button	text	615000602	Start Input	開始輸入				
Inventory	Tools/Craft	Button	0	substr	Scripts/Recipe	gd			inputButton.text	literal		214	Start Input	開始輸入				
Inventory	Tools/Craft	Button	0	ignore	Scripts/Recipe	gd			inputButton.text	literal		225	Start Input					
Inventory	Tools/Craft	Button	0	ignore	Scripts/Recipe	gd			inputButton.text	literal		236	Start Input					
Inventory	Tools/Craft	Button	0	ignore	Scripts/Recipe	gd			inputButton.text	literal		268	Start Input					
Inventory	Tools/Craft	Button	0	substr	Scripts/Recipe	gd			inputButton.text	literal		278	Stop Input	停止輸入				
Inventory	Tools/Craft	Button	0	substr	Scripts/Recipe	gd			inputButton.text	literal		289	Reset Input	重設輸入				
Inventory	Tools/Craft	Button	0	literal	UI/Elements/Recipe	tscn	UI/Elements/Recipe	Margin/Elements/Content/Buttons	Complete	Button	text	120533530	Craft	工藝				
Inventory	Tools/Crafting	String	0	static	UI/Interface	tscn	UI/Interface	Tools/Crafting/Types/Margin/Buttons/Proximity/Margin/Icons/Heat	Info		title	964839395	Heat	熱				
Inventory	Tools/Crafting	String	0	static	UI/Interface	tscn	UI/Interface	Tools/Crafting/Types/Margin/Buttons/Proximity/Margin/Icons/Heat	Info		info	964839395	A nearby crafting element which can be required for certain cooking-based recipes.	附近的一種製作材料，某些以烹飪為基礎的食譜可能會需要它。				
Inventory	Tools/Crafting	String	0	static	UI/Interface	tscn	UI/Interface	Tools/Crafting/Types/Margin/Buttons/Proximity/Margin/Icons/Heat	Info		type	964839395	Proximity Requirement	距離要求				
Inventory	Tools/Crafting	String	0	static	UI/Interface	tscn	UI/Interface	Tools/Crafting/Types/Margin/Buttons/Proximity/Margin/Icons/Workbech	Info		title	1508788255	Workbench	工作檯				
Inventory	Tools/Crafting	String	0	static	UI/Interface	tscn	UI/Interface	Tools/Crafting/Types/Margin/Buttons/Proximity/Margin/Icons/Workbech	Info		info	1508788255	A nearby crafting element which can be required for certain construction-based recipes.	附近的一種工藝材料，某些以建造為基礎的配方可能需要此材料。				
Inventory	Tools/Crafting	String	0	static	UI/Interface	tscn	UI/Interface	Tools/Crafting/Types/Margin/Buttons/Proximity/Margin/Icons/Workbech	Info		type	1508788255	Proximity Requirement	距離要求				
Inventory	Tools/Crafting	String	0	static	UI/Interface	tscn	UI/Interface	Tools/Crafting/Types/Margin/Buttons/Proximity/Margin/Icons/Testbench	Info		title	1881824771	Testbench	測試平台	I can't find this. Maybe not updated in 1.0.0 version yet.			
Inventory	Tools/Crafting	String	0	static	UI/Interface	tscn	UI/Interface	Tools/Crafting/Types/Margin/Buttons/Proximity/Margin/Icons/Testbench	Info		info	1881824771	A nearby crafting element which can be required for certain electronic-based recipes.	附近的一種工藝材料，某些以電子元件為基礎的配方可能需要此材料。	I can't find this. Maybe not updated in 1.0.0 version yet.			
Inventory	Tools/Crafting	String	0	static	UI/Interface	tscn	UI/Interface	Tools/Crafting/Types/Margin/Buttons/Proximity/Margin/Icons/Testbench	Info		type	1881824771	Proximity Requirement	距離要求	I can't find this. Maybe not updated in 1.0.0 version yet.			
Inventory	Tools/Crafting	String	0	static	UI/Interface	tscn	UI/Interface	Tools/Crafting/Types/Margin/Buttons/Proximity/Margin/Icons/Shelter	Info		title	1493501068	Shelter	庇護所				
Inventory	Tools/Crafting	String	0	static	UI/Interface	tscn	UI/Interface	Tools/Crafting/Types/Margin/Buttons/Proximity/Margin/Icons/Shelter	Info		info	1493501068	A nearby crafting element which can be required for certain furniture-based recipes.	附近的一種工藝材料，某些以家具為基礎的配方可能需要此材料。				
Inventory	Tools/Crafting	String	0	static	UI/Interface	tscn	UI/Interface	Tools/Crafting/Types/Margin/Buttons/Proximity/Margin/Icons/Shelter	Info		type	1493501068	Proximity Requirement	距離要求				
Inventory	Tools/Crafting	String	0	static	UI/Interface	tscn	UI/Interface	Trader/Panel	Info		title	844527464	Trader	交易員				
Inventory	Tools/Task	String	0	literal	UI/Elements/Task	tscn	UI/Elements/Task	Margin/Elements	Title	Label	text	1091795131	Duty Calls	職責在身	PlaceHolder			
Inventory	Tools/Task	Button	0	literal	UI/Elements/Task	tscn	UI/Elements/Task	Margin/Elements/Title	Add	Button	text	165565985	Add to Notes	加入筆記				
Inventory	Tools/Task	Button	0	literal	UI/Elements/Task	tscn	UI/Elements/Task	Margin/Elements/Title	Remove	Button	text	1151699378	Remove	移除				
Inventory	Tools/Task	String	0	literal	UI/Elements/Task	tscn	UI/Elements/Task	Margin/Elements	Difficulty	Label	text	1059177519	Difficulty:	難度：				
Inventory	Tools/Task	String	0	literal	UI/Elements/Task	tscn	UI/Elements/Task	Margin/Elements/Difficulty	Value	Label	text	299882460	Easy	簡單				
Inventory	Tools/Task	String	0	literal	UI/Elements/Task	tscn	UI/Elements/Task	Margin/Elements	Description	Label	text	1563024386	"Last week I visited the Doctor in that abandoned school building nearby. He told me that I should cut all my ""bad habits"", but the old fucker smokes himself, so screw him!

You're probably just one of those modern-day hippies who only licks mint pastilles when things get rough, but if you happen to find one of these, bring a pack or two and some matches as well."	"上週我去附近那棟廢棄的校舍找醫生看病。他告訴我應該戒掉所有「壞習慣」，但那老混蛋自己卻抽菸，所以去他的！

你大概只是那種遇到困難時只會舔薄荷糖的現代嬉皮，但如果你剛好找到這種東西，記得帶上一兩包，順便帶些火柴來。"				
Inventory	Tools/Task	String	0	literal	UI/Elements/Task	tscn	UI/Elements/Task	Margin/Elements	Input	Label	text	420211971	Deliver:	交付：				
Inventory	Tools/Task	String	1	literal	UI/Elements/Task	tscn	UI/Elements/Task	Margin/Elements/Input	Items	Label	text	1782396431	Item, Item, Item, Item		PlaceHolderText, Don't need to translate (Will be handled by substr).			
Inventory	Tools/Task	String	0	literal	UI/Elements/Task	tscn	UI/Elements/Task	Margin/Elements	Output	Label	text	1194037650	Receive:	接收：				
Inventory	Tools/Task	String	1	literal	UI/Elements/Task	tscn	UI/Elements/Task	Margin/Elements/Output	Items	Label	text	1267225060	Item, Item, Item, Item		PlaceHolderText, Don't need to translate (Will be handled by substr).			
Inventory	Tools/Task	String	0	literal	UI/Elements/Task	tscn	UI/Elements/Task	Margin/Elements	Hint	Label	text	407342033	"→ You will receive shelter furniture from this task
→ Your furniture is located in Furniture Catalog [Decor Mode]"	"→ 完成此任務後，您將獲得庇護所家具
→ 您的家具位於「家具目錄」[裝飾模式] 中"				
Inventory	Tools/Task	Button	0	literal	UI/Elements/Task	tscn	UI/Elements/Task	Margin/Elements/Buttons	Input	Button	text	1296915111	Start Delivery	開始配送				
Inventory	Tools/Task	Button	0	substr	Scripts/Task	gd			inputButton.text	literal		267	Start Delivery	開始配送				
Inventory	Tools/Task	Button	0	ignore	Scripts/Task	gd			inputButton.text	literal		291	Start Delivery					
Inventory	Tools/Task	Button	0	literal			UI/Elements/Task	Margin/Elements/Buttons	Input	Button			Stop Delivery	暫停配送				
Inventory	Tools/Task	Button	0	substr	Scripts/Task	gd			inputButton.text	literal		279	Stop Delivery	暫停配送				
Inventory	Tools/Task	Button	0	literal			UI/Elements/Task	Margin/Elements/Buttons	Input	Button			Delivered	已送達				
Inventory	Tools/Task	Button	0	substr	Scripts/Task	gd			inputButton.text	literal		303	Delivered	已送達				
Inventory	Tools/Task	String	0	literal	UI/Elements/Task	tscn	UI/Elements/Task	Margin/Elements/Buttons	Complete	Button	text	1945292143	Complete	完成				
Inventory	Tools/Casette	String	1	literal	UI/Elements/Track	tscn	UI/Elements/Track	Margin/Elements/Header	Play	Button	text	1838614416	▶					
Inventory	Tools/Casette	String	1	literal	UI/Elements/Track	tscn	UI/Elements/Track	Margin/Elements/Header	Title	Label	text	1580966612	Junna - Pappa Se Antoi Hevosen					
Inventory	Tools/Casette	String	1	literal	UI/Elements/Track	tscn	UI/Elements/Track	Margin/Elements/Header	Length	Label	text	112322878	3:30					
Inventory	Stats	String	0	static	UI/Interface	tscn	UI/Interface	Inventory/Header/Capacity	Info		title	982078202	Carry Capacity	承載能力				
Inventory	Stats	String	0	static	UI/Interface	tscn	UI/Interface	Inventory/Header/Capacity	Info		info	982078202	A capacity value (kg) of all equipment items.	所有設備項目的容量值（公斤）。				
Inventory	Stats	String	0	static	UI/Interface	tscn	UI/Interface	Inventory/Header/Capacity	Info		type	982078202	Inventory Stat	物品欄狀態				
Inventory	Stats	String	0	static	UI/Interface	tscn	UI/Interface	Inventory/Header/Weight	Info		title	1099976304	Inventory Weight	庫存重量				
Inventory	Stats	String	0	static	UI/Interface	tscn	UI/Interface	Inventory/Header/Weight	Info		info	1099976304	A weight value (kg) of all inventory items.	所有庫存項目的重量值（公斤）。				
Inventory	Stats	String	0	static	UI/Interface	tscn	UI/Interface	Inventory/Header/Weight	Info		type	1099976304	Inventory Stat	物品欄狀態				
Inventory	Stats	String	0	static	UI/Interface	tscn	UI/Interface	Inventory/Header/Value	Info		title	1625059626	Inventory Value	存貨價值				
Inventory	Stats	String	0	static	UI/Interface	tscn	UI/Interface	Inventory/Header/Value	Info		info	1625059626	A price value (€) of all inventory items.	所有庫存項目的價格（歐元）。				
Inventory	Stats	String	0	static	UI/Interface	tscn	UI/Interface	Inventory/Header/Value	Info		type	1625059626	Inventory Stat	物品欄狀態				
Inventory	Stats	String	0	static	UI/Interface	tscn	UI/Interface	Container/Header/Weight	Info		title	555728015	Container Weight	貨櫃重量				
Inventory	Stats	String	0	static	UI/Interface	tscn	UI/Interface	Container/Header/Weight	Info		info	555728015	A weight value (kg) of all container items.	所有貨櫃內物品的總重量（公斤）。				
Inventory	Stats	String	0	static	UI/Interface	tscn	UI/Interface	Container/Header/Weight	Info		type	555728015	Container Stat	容器狀態				
Inventory	Stats	String	0	static	UI/Interface	tscn	UI/Interface	Container/Header/Value	Info		title	1268234374	Container Value	容器值				
Inventory	Stats	String	0	static	UI/Interface	tscn	UI/Interface	Container/Header/Value	Info		info	1268234374	A price value (€) of all container items.	所有貨櫃項目的價格（歐元）。				
Inventory	Stats	String	0	static	UI/Interface	tscn	UI/Interface	Container/Header/Value	Info		type	1268234374	Container Stat	容器狀態				
Inventory	Stats	String	0	static	UI/Interface	tscn	UI/Interface	Equipment/Stats/Elements/Capacity	Info		title	825286726	Carry Capacity	承載能力				
Inventory	Stats	String	0	static	UI/Interface	tscn	UI/Interface	Equipment/Stats/Elements/Capacity	Info		info	825286726	"A weight capacity value (kg) of how much inventory weight you can carry.

Carry Capacity increases when you equip items such as backpacks, rigs or clothing with a positive capacity stat.

Carry Capacity by default is 10kg"	"負重上限（公斤）指您能攜帶的物品總重量。

當您裝備背包、裝備組或具備正負重屬性的服裝等物品時，負重上限將會提升。

預設的負重上限為 10 公斤"				
Inventory	Stats	String	0	static	UI/Interface	tscn	UI/Interface	Equipment/Stats/Elements/Capacity	Info		type	825286726	Equipment Stat	裝備屬性				
Inventory	Stats	String	0	static	UI/Interface	tscn	UI/Interface	Equipment/Stats/Elements/Value	Info		title	853719663	Equipment Value	設備價值				
Inventory	Stats	String	0	static	UI/Interface	tscn	UI/Interface	Equipment/Stats/Elements/Value	Info		info	853719663	A price value (€) of all equipment items.	所有設備項目的價格（歐元）。				
Inventory	Stats	String	0	static	UI/Interface	tscn	UI/Interface	Equipment/Stats/Elements/Value	Info		type	853719663	Equipment Stat	裝備屬性				
Inventory	Stats	String	0	static	UI/Interface	tscn	UI/Interface	Equipment/Stats/Elements/Insulation	Info		title	1800952039	Insulation	隔熱				
Inventory	Stats	String	0	static	UI/Interface	tscn	UI/Interface	Equipment/Stats/Elements/Insulation	Info		info	1800952039	"A clothing-based thermal protection value against cold.

Insulation is linked to Body Temp vital, where Insulation reduces Body Temp decrease speed in Winter.

Insulation increases when you equip clothing items with a positive insulation stat.

Insulation examples:
[100] = B. Temp decrease fully stopped
[50] = B. Temp decrease slowed by 50%
[0] = B. Temp decreases at default rate"	"以服裝為基礎的抗寒熱防護數值。

隔熱效果與體溫密切相關，在冬季，隔熱效果能減緩體溫下降的速度。

當你裝備具有正數隔熱數值的服裝時，隔熱效果會提升。

隔熱效果範例：
[100] = 體溫下降完全停止
[50] = 體溫下降速度減緩 50%
[0] = 體溫以預設速度下降"				
Inventory	Stats	String	0	static	UI/Interface	tscn	UI/Interface	Equipment/Stats/Elements/Insulation	Info		type	1800952039	Equipment Stat	裝備屬性				
Inventory	Stats	String	0	static	UI/Interface	tscn	UI/Interface	Equipment/Stats/Elements/Dexterity	Info		title	550854834	Dexterity	敏捷				
Inventory	Stats	String	0	static	UI/Interface	tscn	UI/Interface	Equipment/Stats/Elements/Dexterity	Info		info	550854834	"An inertia-based value of how quickly you can move and do certain actions.

Dexterity is linked to movement speed and weapon handling such as aiming and reloading.

Dexterity decreases when you equip heavy or unergonomic items with a negative dexterity stat."	"這是一項基於慣性的數值，代表你移動及執行特定動作的速度。

敏捷度與移動速度以及武器操作（例如瞄準和重新裝填）息息相關。

當你裝備具有負敏捷度屬性的笨重或不符合人體工學的物品時，敏捷度會降低。"				
Inventory	Stats	String	0	static	UI/Interface	tscn	UI/Interface	Equipment/Stats/Elements/Dexterity	Info		type	550854834	Equipment Stat	裝備屬性				
Inventory	Stats	String	0	static	UI/Interface	tscn	UI/Interface	Equipment/Stats/Elements/Menace	Info		title	1925451931	Menace	威脅				
Inventory	Stats	String	0	static	UI/Interface	tscn	UI/Interface	Equipment/Stats/Elements/Menace	Info		info	1925451931	"An intimidation value of how threatening AI sees your character and equipment.

When you have a high Menace value, AI is less likely to use aggressive or attack-based behaviors against you.

Menace increases when you equip items such as special clothing with a positive Menace stat.

Menace only affects low-tier AI (Bandits)."	"「威懾值」代表 AI 認為你的角色與裝備有多具威脅性。

當你的威懾值較高時，AI 較少會對你採取攻擊性或以攻擊為主的行為。

當你裝備具有正向威懾屬性的特殊服裝等物品時，威懾值會提升。

威懾值僅對低階 AI（強盜）產生影響。"				
Inventory	Stats	String	0	static	UI/Interface	tscn	UI/Interface	Equipment/Stats/Elements/Menace	Info		type	1925451931	Equipment Stat	裝備屬性				
Inventory	Stats	String	0	static	UI/Interface	tscn	UI/Interface	Equipment/Stats/Elements/CBRN	Info		title	215856199	CBRN	CBRN				
Inventory	Stats	String	0	substr									CBRN	CBRN				
Inventory	Stats	String	0	static	UI/Interface	tscn	UI/Interface	Equipment/Stats/Elements/CBRN	Info		info	215856199	"A protection value against chemical, biological, radiological and nuclear threats.

CBRN is linked to Health vital, where CBRN reduces the Health decrease speed when you are exposed to hazardous areas or materials.

CBRN increases when you equip items such as special clothing or protective masks with a positive CBRN stat."	"針對化學、生物、輻射及核子威脅的防護數值。

CBRN 與「生命值」相關聯，當你暴露於危險區域或接觸危險物質時，CBRN 會降低生命值的下降速度。

當你裝備具有正向 CBRN 數值的物品（例如特殊服裝或防護面具）時，CBRN 數值會提升。"				
Inventory	Stats	String	0	static	UI/Interface	tscn	UI/Interface	Equipment/Stats/Elements/CBRN	Info		type	215856199	Equipment Stat	裝備屬性				
Inventory	Stats	String	0	static	UI/Interface	tscn	UI/Interface	Character/Vitals/Elements/Health	Info		title	2025955860	Health	健康				
Inventory	Stats	String	0	static	UI/Interface	tscn	UI/Interface	Character/Vitals/Elements/Health	Info		info	2025955860	"Your main vital for staying alive.

Health decreases with damages and active medical conditions.

Health increases with certain medical items such as Bandages and Medkits.

Health [0] -> Character dies"	"這是你存活的關鍵。

生命值會因受到傷害及現有病症而減少。

生命值可透過某些醫療物品（如繃帶和急救包）來增加。

生命值 [0] -> 角色死亡"				
Inventory	Stats	String	0	static	UI/Interface	tscn	UI/Interface	Character/Vitals/Elements/Health	Info		type	2025955860	Vital	至關重要				
Inventory	Stats	String	0	static	UI/Interface	tscn	UI/Interface	Character/Vitals/Elements/Energy	Info		title	256184	Energy	能源				
Inventory	Stats	String	0	static	UI/Interface	tscn	UI/Interface	Character/Vitals/Elements/Energy	Info		info	256184	"Your hunger and energy level.

Energy decreases over time and using map transitions with Energy Cost.

Energy increases with certain consumables such as food.

Energy [0] -> Starvation (Condition)"	"你的飢餓度與能量值。

能量值會隨時間流逝而減少，且使用需消耗能量的地圖轉換時也會減少。

使用特定消耗品（例如食物）可增加能量值。

能量值 [0] -> 飢餓（狀態）"				
Inventory	Stats	String	0	static	UI/Interface	tscn	UI/Interface	Character/Vitals/Elements/Energy	Info		type	256184	Vital	至關重要				
Inventory	Stats	String	0	static	UI/Interface	tscn	UI/Interface	Character/Vitals/Elements/Hydration	Info		title	1778216863	Hydration	水分補充				
Inventory	Stats	String	0	static	UI/Interface	tscn	UI/Interface	Character/Vitals/Elements/Hydration	Info		info	1778216863	"Your thirst and hydration level.

Hydration decreases over time and using map transitions with Hydration Cost. 

Certain dry or salty consumables may also decrease Hydration.

Hydration increases with certain consumables such as drinks.

Hydration [0] -> Dehydration (Condition)"	"你的口渴程度與水分值。

隨著時間推移，以及使用會消耗水分的地圖轉換，水分值會逐漸降低。

某些乾燥或鹹味的食物或飲品也可能降低水分值。

某些食物或飲品（例如飲料）會增加水分值。

水分值 [0] -> 脫水（狀態）"				
Inventory	Stats	String	0	static	UI/Interface	tscn	UI/Interface	Character/Vitals/Elements/Hydration	Info		type	1778216863	Vital	至關重要				
Inventory	Stats	String	0	static	UI/Interface	tscn	UI/Interface	Character/Vitals/Elements/Mental	Info		title	1524485513	Mental	心理				
Inventory	Stats	String	0	static	UI/Interface	tscn	UI/Interface	Character/Vitals/Elements/Mental	Info		info	1524485513	"Your happiness and sanity level.

Mental decreases over time and with nasty consumables. Any active medical condition makes the decrease speed 2x.

Mental increases with comforting items such as snacks, warm meals and vices like alcohol or nicotine products.

Mental [0] -> Insanity (Condition)"	"你的幸福感與精神狀態。

精神值會隨時間流逝及使用有害消耗品而下降。若有任何現行病症，下降速度將加倍。

精神值會因使用慰藉物品（如零食、熱食）或嗜好品（如酒精或菸草製品）而提升。

精神值 [0] -> 瘋狂（狀態）"				
Inventory	Stats	String	0	static	UI/Interface	tscn	UI/Interface	Character/Vitals/Elements/Mental	Info		type	1524485513	Vital	至關重要				
Inventory	Stats	String	0	static	UI/Interface	tscn	UI/Interface	Character/Vitals/Elements/Temperature	Info		title	500385079	Body Temp	體溫				
Inventory	Stats	String	0	static	UI/Interface	tscn	UI/Interface	Character/Vitals/Elements/Temperature	Info		info	500385079	"Your warmth and body temperature level.

Body Temp decreases over time in Winter. Decrease speed can be reduced by staying indoors or by equipping clothing items with a positive insulation stat.

Body Temp increases in Shelter or by staying around heat sources like fires. Certain heat-related items such as Heatpacks or Space Blankets will also increase Body Temp.

Body Temp [0] -> Frostbite (Condition)"	"你的體溫與身體溫度。

冬季時，身體溫度會隨時間逐漸下降。透過待在室內，或穿著具備正向保暖屬性的衣物，可減緩體溫下降的速度。

在庇護所內，或靠近火源等熱源時，身體溫度會上升。某些與熱相關的物品，例如暖包或太空毯，也會提升身體溫度。

身體溫度 [0] -> 凍傷（狀態）"				
Inventory	Stats	String	0	static	UI/Interface	tscn	UI/Interface	Character/Vitals/Elements/Temperature	Info		type	500385079	Vital	至關重要				
Inventory	Stats	String	0	static	UI/Interface	tscn	UI/Interface	Character/Vitals/Elements/Cat	Info		title	2119249152	Cat	貓				
Inventory	Stats	String	0	static	UI/Interface	tscn	UI/Interface	Character/Vitals/Elements/Cat	Info		info	2119249152	"Grandma's cat health level.

Cat health activates if you decide to rescue the Cat and bring her to your shelter.

Cat health decreases over time.

Cat health increases when you feed the cat with consumables such as Cat Food or Canned Tuna.

Cat [0] -> Cat dies"	"奶奶的貓咪健康值。

若你決定拯救這隻貓並將牠帶回收容所，貓咪的健康值便會生效。

貓咪的健康值會隨時間逐漸下降。

當你餵食貓咪消耗品（例如貓糧或鮪魚罐頭）時，貓咪的健康值會增加。

貓咪 [0] -> 貓咪死亡"				
Inventory	Stats	String	0	static	UI/Interface	tscn	UI/Interface	Character/Vitals/Elements/Cat	Info		type	2119249152	Vital	至關重要				
Inventory	Stats	String	0	substr	UI/Interface	tscn	UI/Interface	Character/Medical/Elements/Overweight	Info		title	1472180750	Overweight	超重				
Inventory	Stats	String	0	static	UI/Interface	tscn	UI/Interface	Character/Medical/Elements/Overweight	Info		info	1472180750	"A condition where you are carrying too much weight and movement becomes unsustainable.

Causes:
- Inventory Weight > Carry Capacity

Symptoms
- All stamina consumption [+50%]
- All stamina regeneration [Blocked]
- Movement speed [-50%]
- Jump height [-50%]

Cures:
- Inventory Weight < Carry Capacity"	"一種因背負過多重量，導致無法持續移動的狀態。

成因：
- 背包重量 > 承重上限

症狀
- 所有體力消耗 [+50%]
- 所有體力恢復 [被阻斷]
- 移動速度 [-50%]
- 跳躍高度 [-50%]

治療方法：
- 背包重量 < 承重上限"				
Inventory	Stats	String	0	static	UI/Interface	tscn	UI/Interface	Character/Medical/Elements/Overweight	Info		type	1472180750	Medical Condition	健康狀況				
Inventory	Stats	String	0	static	UI/Interface	tscn	UI/Interface	Character/Medical/Elements/Starvation	Info		title	1549426522	Starvation	飢餓				
Inventory	Stats	String	0	static	UI/Interface	tscn	UI/Interface	Character/Medical/Elements/Starvation	Info		info	1549426522	"A condition where you have a lack of calories and essential nutrients.

Causes:
- Energy [0]

Symptoms:
- Health [-1 unit / 10 sec]
- Stamina consumption [+50%]
- Stamina regeneration [-50%]

Cures:
- Consumables"	"一種因缺乏熱量和必需營養素而引起的狀況。

成因：
- 能量 [0]

症狀：
- 健康值 [-1 點 / 10 秒]
- 體力消耗 [+50%]
- 體力恢復 [-50%]

治療方法：
- 消耗品"				
Inventory	Stats	String	0	static	UI/Interface	tscn	UI/Interface	Character/Medical/Elements/Starvation	Info		type	1549426522	Medical Condition	健康狀況				
Inventory	Stats	String	0	static	UI/Interface	tscn	UI/Interface	Character/Medical/Elements/Dehydration	Info		title	986386791	Dehydration	脫水				
Inventory	Stats	String	0	static	UI/Interface	tscn	UI/Interface	Character/Medical/Elements/Dehydration	Info		info	986386791	"A condition where your body doesn't have enough fluids to function normally.

Causes:
- Hydration [0]

Symptoms:
- Health [-1 unit / 10 sec]
- All stamina consumption [+50%]
- All stamina regeneration [-50%]

Cures:
- Consumables"	"身體缺乏足夠液體以致無法正常運作的狀態。

成因：
- 水分補充 [0]

症狀：
- 生命值 [-1 點 / 10 秒]
- 所有體力消耗 [+50%]
- 所有體力恢復 [-50%]

治療方法：
- 消耗品"				
Inventory	Stats	String	0	static	UI/Interface	tscn	UI/Interface	Character/Medical/Elements/Dehydration	Info		type	986386791	Medical Condition	健康狀況				
Inventory	Stats	String	0	static	UI/Interface	tscn	UI/Interface	Character/Medical/Elements/Bleeding	Info		title	1768354194	Bleeding	出血				
Inventory	Stats	String	0	static	UI/Interface	tscn	UI/Interface	Character/Medical/Elements/Bleeding	Info		info	1768354194	"A condion where you have a minor bleeding from small cuts or scrapes.

Causes: 
- Weapon damage
- Explosion damage
- Fall damage
- Razor wire

Symptoms:
- Health [-1 unit / 5 sec]

Cures: 
- Bandage
- Tourniquet
- Medkit
- IFAK / AFAK"	"因小割傷或擦傷而導致輕微出血的狀況。

成因：
- 武器傷害
- 爆炸傷害
- 墜落傷害
- 刀片鐵絲網

症狀：
- 生命值 [每 5 秒減少 1 點]

治療方式：
- 繃帶
- 止血帶
- 急救包
- IFAK / AFAK"				
Inventory	Stats	String	0	static	UI/Interface	tscn	UI/Interface	Character/Medical/Elements/Bleeding	Info		type	1768354194	Medical Condition	健康狀況				
Inventory	Stats	String	0	static	UI/Interface	tscn	UI/Interface	Character/Medical/Elements/Fracture	Info		title	139365606	Fracture	斷裂				
Inventory	Stats	String	0	static	UI/Interface	tscn	UI/Interface	Character/Medical/Elements/Fracture	Info		info	139365606	"A condition where you have a partial or complete break in the bone.

Causes: 
- Weapon damage
- Explosion damage
- Fall damage

Symptoms:
- Health [-1 unit / 5 sec]
- Movement speed [-50%]
- Jump height [-50%]

Cures: 
- Splint
- Medkit
- IFAK / AFAK"	"骨頭發生部分或完全斷裂的狀況。

成因：
- 武器傷害
- 爆炸傷害
- 墜落傷害

症狀：
- 生命值 [-1 點 / 5 秒]
- 移動速度 [-50%]
- 跳躍高度 [-50%]

治療方式：
- 夾板
- 急救包
- IFAK / AFAK"				
Inventory	Stats	String	0	substr									Explosion	爆炸				
Inventory	Stats	String	0	substr									Fall	秋季				
Inventory	Stats	String	0	static	UI/Interface	tscn	UI/Interface	Character/Medical/Elements/Fracture	Info		type	139365606	Medical Condition	健康狀況				
Inventory	Stats	String	0	static	UI/Interface	tscn	UI/Interface	Character/Medical/Elements/Burn	Info		title	275854551	Burn	燃燒				
Inventory	Stats	String	0	static	UI/Interface	tscn	UI/Interface	Character/Medical/Elements/Burn	Info		info	275854551	"A condition where you have a tissue damage from intense heat or high-voltage electric current.

Causes:
- Fire damage
- Electrical damage

Symptoms:
- Health [-1 unit / 5 sec]

Cures:
- Balm
- Lotion
- Medkit
- IFAK / AFAK"	"因高溫或高壓電流導致組織受損的狀況。

成因：
- 火災傷害
- 電擊傷害

症狀：
- 生命值 [-1 點 / 5 秒]

治療方式：
- 藥膏
- 乳液
- 急救包
- IFAK / AFAK"				
Inventory	Stats	String	0	static	UI/Interface	tscn	UI/Interface	Character/Medical/Elements/Burn	Info		type	275854551	Medical Condition	健康狀況				
Inventory	Stats	String	0	static	UI/Interface	tscn	UI/Interface	Character/Medical/Elements/Frostbite	Info		title	24250462	Frostbite	凍傷				
Inventory	Stats	String	0	static	UI/Interface	tscn	UI/Interface	Character/Medical/Elements/Frostbite	Info		info	24250462	"A condition where you have hypothermia or body part freezes from cold exposure.

Causes: 
- Body temperature [0]

Symptoms:
- Health [-1 unit / 5 sec]

Cures:
- Fire sources
- Sleeping Bag
- Thermal Blanket"	"因暴露於寒冷環境而導致體溫過低或身體部位凍傷的狀況。

成因：
- 體溫 [0]

症狀：
- 生命值 [-1 點 / 5 秒]

治療方法：
- 火源
- 睡袋
- 保暖毯"				
Inventory	Stats	String	0	static	UI/Interface	tscn	UI/Interface	Character/Medical/Elements/Frostbite	Info		type	24250462	Medical Condition	健康狀況				
Inventory	Stats	String	0	static	UI/Interface	tscn	UI/Interface	Character/Medical/Elements/Insanity	Info		title	1233339607	Insanity	瘋狂				
Inventory	Stats	String	0	static	UI/Interface	tscn	UI/Interface	Character/Medical/Elements/Insanity	Info		info	1233339607	"A condition where your sanity breaks and you start having dark thoughts.

Causes: 
- Mental [0]

Symptoms:
- Health [-1 unit / 10 sec]

Cures:
- Consumables
- Sleeping
- Fire sources
- Instruments"	"一種精神崩潰、開始產生黑暗念頭的狀態。

成因：
- 精神 [0]

症狀：
- 生命值 [-1 點 / 10 秒]

治療方法：
- 消耗品
- 睡眠
- 火源
- 樂器"				
Inventory	Stats	String	0	static	UI/Interface	tscn	UI/Interface	Character/Medical/Elements/Insanity	Info		type	1233339607	Medical Condition	健康狀況				
Inventory	Stats	String	0	static	UI/Interface	tscn	UI/Interface	Character/Medical/Elements/Poisoning	Info		title	379297031	Poisoning	中毒				
Inventory	Stats	String	0	static	UI/Interface	tscn	UI/Interface	Character/Medical/Elements/Poisoning	Info		info	379297031	"A condition where toxic substance entered your digestion or lungs.

Causes:
- Chemical damage
- Toxic consumables

Symptoms:
- Health [-1 unit / 2 sec]

Cures:
- Medkit
- AFAK"	"一種有毒物質進入消化道或肺部的狀況。

成因：
- 化學損傷
- 有毒消耗品

症狀：
- 生命值 [-1 點 / 2 秒]

治療方法：
- 急救包
- AFAK"				
Inventory	Stats	String	0	static	UI/Interface	tscn	UI/Interface	Character/Medical/Elements/Poisoning	Info		type	379297031	Medical Condition	健康狀況				
Inventory	Stats	String	0	static	UI/Interface	tscn	UI/Interface	Character/Medical/Elements/Rupture	Info		title	71304217	Rupture	破裂				
Inventory	Stats	String	0	static	UI/Interface	tscn	UI/Interface	Character/Medical/Elements/Rupture	Info		info	71304217	"A critical condition where you have a catastrofal bleeding or major internal wound.

Causes: 
- Weapon damage
- Explosion damage

Symptoms:
- Health [-1 unit / 1 sec]

Cures:
- Medkit
- IFAK / AFAK"	"一種危急狀況，指發生災難性出血或嚴重內傷。

成因：
- 武器傷害
- 爆炸傷害

症狀：
- 生命值 [-1 點 / 1 秒]

治療方式：
- 急救包
- 個人急救包 / 戰地急救包"				
Inventory	Stats	String	0	static	UI/Interface	tscn	UI/Interface	Character/Medical/Elements/Rupture	Info		type	71304217	Medical Condition	健康狀況				
Inventory	Stats	String	0	static	UI/Interface	tscn	UI/Interface	Character/Medical/Elements/Headshot	Info		title	1309688651	Headshot	頭像				
Inventory	Stats	String	0	static	UI/Interface	tscn	UI/Interface	Character/Medical/Elements/Headshot	Info		info	1309688651	"A critical condition where you have a major head related wound.

Causes: 
- Weapon damage

Symptoms:
- Health [-1 unit / 1 sec]

Cures:
- Medkit
- IFAK / AFAK"	"一種危急狀況，指頭部遭受嚴重創傷。

成因：
- 武器傷害

症狀：
- 生命值 [-1 點 / 1 秒]

治療方式：
- 急救包
- 個人急救包 / 戰地急救包"				
Inventory	Stats	String	0	static	UI/Interface	tscn	UI/Interface	Character/Medical/Elements/Headshot	Info		type	1309688651	Medical Condition	健康狀況				
Inventory	Stats	String	0	static	UI/Interface	tscn	UI/Interface	Character/Stats/Elements/Day	Info		title	1507600508	Day	日				
Inventory	Stats	String	0	substr									Day	日				
Inventory	Stats	String	0	static	UI/Interface	tscn	UI/Interface	Character/Stats/Elements/Day	Info		info	1507600508	"Number of Days survived.

New day begins at 00:00 midnight and certain amount of days will unlock new game events.

Upcoming events can be displayed by using the Events tool."	"生存天數。

新的一天於午夜 00:00 開始，累積一定天數即可解鎖新的遊戲活動。

可透過「活動」工具查看即將登場的活動。"				
Inventory	Stats	String	0	static	UI/Interface	tscn	UI/Interface	Character/Stats/Elements/Day	Info		type	1507600508	Progression Stat	進度統計				
Inventory	Stats	String	0	static	UI/Interface	tscn	UI/Interface	Character/Stats/Elements/Shelters	Info		title	821447952	Shelters	收容所				
Inventory	Stats	String	0	static	UI/Interface	tscn	UI/Interface	Character/Stats/Elements/Shelters	Info		info	821447952	"Number of Shelters unlocked.

Shelters are safe zones for saving your progression and loot. Game world has multiple shelters and these vary in terms of theme, size and customizability.

New game starts with two unlocked Shelters called Cabin and Tent.

Additional Shelters can be unlocked with keys which you acquire by completing Tasks from different Traders."	"已解鎖的避難所數量。

避難所是保存您的遊戲進度與戰利品的安全區域。遊戲世界中有多個避難所，它們在主題、大小和可自訂性方面各有不同。

新遊戲開始時，將解鎖兩個名為「小屋」和「帳篷」的避難所。

您可透過完成不同商人的任務來獲得鑰匙，進而解鎖更多避難所。"				
Inventory	Stats	String	0	static	UI/Interface	tscn	UI/Interface	Character/Stats/Elements/Shelters	Info		type	821447952	Progression Stat	進度統計				
Inventory	Stats	String	0	static	UI/Interface	tscn	UI/Interface	Character/Stats/Elements/Tasks	Info		title	1384285326	Tasks	任務				
Inventory	Stats	String	0	static	UI/Interface	tscn	UI/Interface	Character/Stats/Elements/Tasks	Info		info	1384285326	"Number of Tasks completed.

Tasks are item-based jobs from Traders. Tasks can be interconnected between multiple Traders and might also require non-lootable items with crafting.

Tasks are linked to cheaper trading prices (Trader Tax) and acquiring keys to unlock new Shelters and special rooms."	"已完成的任務數量。

任務是來自商人的以物品為基礎的工作。任務可能涉及多位商人之間的相互關聯，也可能需要透過製作來取得無法直接獲得的物品。

完成任務可獲得更優惠的交易價格（商人稅），並能取得鑰匙以解鎖新的避難所和特殊房間。"				
Inventory	Stats	String	0	static	UI/Interface	tscn	UI/Interface	Character/Stats/Elements/Tasks	Info		type	1384285326	Progression Stat	進度統計				
Inventory	Stats	String	0	static	UI/Interface	tscn	UI/Interface	Character/Stats/Elements/Quests	Info		title	1702334479	Quests	任務				
Inventory	Stats	String	0	static	UI/Interface	tscn	UI/Interface	Character/Stats/Elements/Quests	Info		info	1702334479	"Number of Quests completed.

Quests are lore-based missions from Traders. Quests can be interconnected between multiple Traders and might require certain events before becoming available."	"已完成的任務數量。

任務是由商人發起的、基於遊戲背景設定的任務。任務可能涉及多位商人，且在開放前可能需要觸發特定事件。"				
Inventory	Stats	String	0	static	UI/Interface	tscn	UI/Interface	Character/Stats/Elements/Quests	Info		type	1702334479	Progression Stat	進度統計				
Inventory	Stats	String	0	static	UI/Interface	tscn	UI/Interface	Character/Stats/Elements/CDS	Info		title	2004804582	Civil Defence Shelters	民防避難所				
Inventory	Stats	String	0	static	UI/Interface	tscn	UI/Interface	Character/Stats/Elements/CDS	Info		info	2004804582	"Number of CDS completed.

Civil Defence Shelters (CDS) are concrete bunkers and underground areas designed to offer protection against military threats.

After the Area 05 evacuation, these CDS's were overrun and most of the survival gear inside them were stolen.

You can complete a CDS by clearing out the hostile enemies and connecting the CDS emergency broadcasting radio back on."	"已完成的民防避難所數量。

民防避難所（CDS）是專為抵禦軍事威脅而設計的混凝土掩體及地下區域。

在 05 區疏散行動後，這些民防避難所遭到佔領，內部的大部分求生裝備均遭竊。

您可透過清除敵對敵人，並重新接通民防避難所的緊急廣播電台，來完成該民防避難所的任務。"				
Inventory	Stats	String	0	static	UI/Interface	tscn	UI/Interface	Character/Stats/Elements/CDS	Info		type	2004804582	Progression Stat	進度統計				
Inventory	Stats	String	0	static	UI/Interface	tscn	UI/Interface	Character/Stats/Elements/?	Info		title	1661761957	Silent Night	平安夜				
Inventory	Stats	String	0	static	UI/Interface	tscn	UI/Interface	Character/Stats/Elements/?	Info		info	1661761957	"There will be a silent night when all fades away.

When you look up, you see the North Star, your only light in the darkness.

This light reminds you of home, a place where you came from and where you will return.

You feel safe, a peaceful moment that feels like the ending you wanted.

Then your last light disappears, the sky turns red and the silence breaks."	"當一切消逝，將迎來一個寂靜的夜晚。

當你抬頭望去，看見北極星，那是黑暗中你唯一的明燈。

這道光讓你想起家鄉，那個你來自的地方，也是你終將歸去之處。

你感到安然無恙，這片刻的寧靜彷彿就是你所期盼的結局。

接著，你最後的光芒消失了，天空轉為血紅，寂靜也被打破。"				
Inventory	Trader	String	0	static	UI/Interface	tscn	UI/Interface	Character/Stats/Elements/?	Info		type	1661761957	Special Event	特別活動				
Inventory	Trader	String	0	static	UI/Interface	tscn	UI/Interface	Supply/Header/Value	Info		title	1910765267	Supply Value	供應價值				
Inventory	Trader	String	0	static	UI/Interface	tscn	UI/Interface	Supply/Header/Value	Info		info	1910765267	A price value (€) of all supply items.	所有供應項目的價格（歐元）。				
Inventory	Trader	String	0	static	UI/Interface	tscn	UI/Interface	Supply/Header/Value	Info		type	1910765267	Trader Stat	交易者統計				
Inventory	Trader	String	0	static	UI/Interface	tscn	UI/Interface	Trader/Panel	Info		info	844527464	"A friendly NPC with trading supply, tasks and specialized services.

Name: Commonly known name among locals.
Tax: Price multiplier for supply items.
Tasks: Number of completed tasks.
Resupply: Time when supply resets."	"一位友善的NPC，提供物資交易、任務及專門服務。

名稱：當地人普遍使用的稱呼。
稅率：物資項目的價格倍數。
任務：已完成的任務數量。
補給：物資重置的時間。"				
Inventory	Trader	String	0	static	UI/Interface	tscn	UI/Interface	Trader/Panel	Info		type	844527464	Trader Info	交易者資訊				
Inventory	Trader	String	0	static	UI/Interface	tscn	UI/Interface	Deal/Panel	Info		title	1021981031	Deal	交易				
Inventory	Trader	String	0	static	UI/Interface	tscn	UI/Interface	Deal/Panel	Info		info	1021981031	"A deal balance meter which compares selected item values.

Requsted Value (€) is calculated from selected Supply items with Tax added.

Offer Value (€) is calculated from selected Inventory items.

Deal can be accepted when Deal Meter is within green area which means Offer Value matches or proceeds Request Value + Tax."	"一項用於比較所選項目價值的交易平衡計量器。

「請求金額（€）」是根據所選的供應項目並加上稅金計算得出。

「出價金額（€）」是根據所選的庫存項目計算得出。

當交易計量器位於綠色區域內時，即可接受該交易，這表示出價金額等於或高於請求金額加上稅金。"				
Inventory	Trader	String	0	static	UI/Interface	tscn	UI/Interface	Deal/Panel	Info		type	1021981031	Deal Meter	交易計量表				
